draft_id,semester,subject_id,subject_code,subject_name,module_code,marks,category,type,difficulty,question_text,question_paper_year,exam_session,paper_set,paper_code,paper_pattern,source,source_file,part,original_question_no,keywords,verified,mapping_confidence,year_confidence,notes,source_review_note
sem3_qp_0001,sem3,criminal_procedure,LCC 0701,Law of Criminal Procedure,07,15,Long Question,analytical,hard,"Elaborate on the procedure relating to children in conflict with law under the Juvenile Justice (Care and Protection of Children) Act, 2015.",2025,Apr-2025,SPPU Apr 2025,PD-1988 / [6414]-101,2023 Pattern,Apr-2025 | 2nd_LLB_(3rd_Sem)_2023_Apri_2025 (1).pdf,Apr-2025 | 2nd_LLB_(3rd_Sem)_2023_Apri_2025 (1).pdf,A/B/C,Q1,"Juvenile Justice, children in conflict with law",false,high,high,,
sem3_qp_0002,sem3,criminal_procedure,LCC 0701,Law of Criminal Procedure,04,15,Long Question,analytical,hard,"What is bail? Explain the difference between bail and anticipatory bail as per Bharatiya Nagarik Suraksha Sanhita, 2023.",2025,Apr-2025,SPPU Apr 2025,PD-1988 / [6414]-101,2023 Pattern,Apr-2025 | 2nd_LLB_(3rd_Sem)_2023_Apri_2025 (1).pdf,Apr-2025 | 2nd_LLB_(3rd_Sem)_2023_Apri_2025 (1).pdf,A/B/C,Q2,"bail, anticipatory bail, BNSS",false,high,high,,
sem3_qp_0003,sem3,criminal_procedure,LCC 0701,Law of Criminal Procedure,01,15,Long Question,analytical,hard,"Explain briefly the constitution of criminal courts under the Bharatiya Nagarik Suraksha Sanhita, 2023.",2025,Apr-2025,SPPU Apr 2025,PD-1988 / [6414]-101,2023 Pattern,Apr-2025 | 2nd_LLB_(3rd_Sem)_2023_Apri_2025 (1).pdf,Apr-2025 | 2nd_LLB_(3rd_Sem)_2023_Apri_2025 (1).pdf,A/B/C,Q3,"criminal courts, BNSS",false,high,high,,
sem3_qp_0004,sem3,criminal_procedure,LCC 0701,Law of Criminal Procedure,03,15,Long Question,analytical,hard,Discuss the meaning and importance of the First Information Report. Discuss the evidentiary value of FIR in the course of trial.,2025,Apr-2025,SPPU Apr 2025,PD-1988 / [6414]-101,2023 Pattern,Apr-2025 | 2nd_LLB_(3rd_Sem)_2023_Apri_2025 (1).pdf,Apr-2025 | 2nd_LLB_(3rd_Sem)_2023_Apri_2025 (1).pdf,A/B/C,Q4,"FIR, evidentiary value",false,high,high,,
sem3_qp_0005,sem3,criminal_procedure,LCC 0701,Law of Criminal Procedure,05,10,Long Question,analytical,medium,What is charge? Explain the provisions relating to joinder of charges.,2025,Apr-2025,SPPU Apr 2025,PD-1988 / [6414]-101,2023 Pattern,Apr-2025 | 2nd_LLB_(3rd_Sem)_2023_Apri_2025 (1).pdf,Apr-2025 | 2nd_LLB_(3rd_Sem)_2023_Apri_2025 (1).pdf,A/B/C,Q5,"charge, joinder of charges",false,high,high,,
sem3_qp_0006,sem3,criminal_procedure,LCC 0701,Law of Criminal Procedure,05,10,Long Question,analytical,medium,Explain the difference between summons trial and summary trial.,2025,Apr-2025,SPPU Apr 2025,PD-1988 / [6414]-101,2023 Pattern,Apr-2025 | 2nd_LLB_(3rd_Sem)_2023_Apri_2025 (1).pdf,Apr-2025 | 2nd_LLB_(3rd_Sem)_2023_Apri_2025 (1).pdf,A/B/C,Q6,"summons trial, summary trial",false,high,high,,
sem3_qp_0007,sem3,criminal_procedure,LCC 0701,Law of Criminal Procedure,06,10,Long Question,analytical,medium,Explain in detail the concept of parole system in India.,2025,Apr-2025,SPPU Apr 2025,PD-1988 / [6414]-101,2023 Pattern,Apr-2025 | 2nd_LLB_(3rd_Sem)_2023_Apri_2025 (1).pdf,Apr-2025 | 2nd_LLB_(3rd_Sem)_2023_Apri_2025 (1).pdf,A/B/C,Q7,parole,false,high,high,,
sem3_qp_0008,sem3,criminal_procedure,LCC 0701,Law of Criminal Procedure,05,10,Long Question,analytical,medium,Write a detailed note on bar to take cognizance of certain offence after lapse of the period of limitation.,2025,Apr-2025,SPPU Apr 2025,PD-1988 / [6414]-101,2023 Pattern,Apr-2025 | 2nd_LLB_(3rd_Sem)_2023_Apri_2025 (1).pdf,Apr-2025 | 2nd_LLB_(3rd_Sem)_2023_Apri_2025 (1).pdf,A/B/C,Q8,"cognizance, limitation",false,high,high,,
sem3_qp_0009,sem3,criminal_procedure,LCC 0701,Law of Criminal Procedure,03,10,Long Question,analytical,medium,What is arrest? Discuss the circumstances in which arrest of a person becomes necessary.,2025,Apr-2025,SPPU Apr 2025,PD-1988 / [6414]-101,2023 Pattern,Apr-2025 | 2nd_LLB_(3rd_Sem)_2023_Apri_2025 (1).pdf,Apr-2025 | 2nd_LLB_(3rd_Sem)_2023_Apri_2025 (1).pdf,A/B/C,Q9,arrest,false,high,high,,
sem3_qp_0010,sem3,criminal_procedure,LCC 0701,Law of Criminal Procedure,03,5,Short Note,short_note,easy,Inquiry and Investigation.,2025,Apr-2025,SPPU Apr 2025,PD-1988 / [6414]-101,2023 Pattern,Apr-2025 | 2nd_LLB_(3rd_Sem)_2023_Apri_2025 (1).pdf,Apr-2025 | 2nd_LLB_(3rd_Sem)_2023_Apri_2025 (1).pdf,A/B/C,Q10,"inquiry, investigation",false,high,high,,
sem3_qp_0011,sem3,criminal_procedure,LCC 0701,Law of Criminal Procedure,05,5,Short Note,short_note,easy,Discharge and Acquittal.,2025,Apr-2025,SPPU Apr 2025,PD-1988 / [6414]-101,2023 Pattern,Apr-2025 | 2nd_LLB_(3rd_Sem)_2023_Apri_2025 (1).pdf,Apr-2025 | 2nd_LLB_(3rd_Sem)_2023_Apri_2025 (1).pdf,A/B/C,Q11,"discharge, acquittal",false,high,high,,
sem3_qp_0012,sem3,criminal_procedure,LCC 0701,Law of Criminal Procedure,03,5,Short Note,short_note,easy,When search warrant may be issued?,2025,Apr-2025,SPPU Apr 2025,PD-1988 / [6414]-101,2023 Pattern,Apr-2025 | 2nd_LLB_(3rd_Sem)_2023_Apri_2025 (1).pdf,Apr-2025 | 2nd_LLB_(3rd_Sem)_2023_Apri_2025 (1).pdf,A/B/C,Q12,search warrant,false,high,high,,
sem3_qp_0013,sem3,criminal_procedure,LCC 0701,Law of Criminal Procedure,03,5,Short Note,short_note,easy,Legal aid to accused person.,2025,Apr-2025,SPPU Apr 2025,PD-1988 / [6414]-101,2023 Pattern,Apr-2025 | 2nd_LLB_(3rd_Sem)_2023_Apri_2025 (1).pdf,Apr-2025 | 2nd_LLB_(3rd_Sem)_2023_Apri_2025 (1).pdf,A/B/C,Q13,"legal aid, accused",false,high,high,,
sem3_qp_0014,sem3,criminal_procedure,LCC 0701,Law of Criminal Procedure,04,15,Long Question,analytical,hard,"Analyze the provisions relating to maintenance of public order and tranquility under Bharatiya Nagarik Suraksha Sanhita, 2023.",2024,Nov-2024,SPPU Nov 2024,PC-4427 / [6364]-171,2023 Pattern,Nov-2024 | 3rdsem_Nov.-2024_(Pattern-2023_(704_Query)_compressed.pdf,Nov-2024 | 3rdsem_Nov.-2024_(Pattern-2023_(704_Query)_compressed.pdf,A/B/C,Q1,"public order, tranquility",false,medium,high,OCR extracted from scanned paper; review wording,
sem3_qp_0015,sem3,criminal_procedure,LCC 0701,Law of Criminal Procedure,05,15,Long Question,analytical,hard,"Discuss the principles of autrefois acquit and autrefois convict in India, their relationship with Article 20 of the Constitution, and their implications in criminal law.",2024,Nov-2024,SPPU Nov 2024,PC-4427 / [6364]-171,2023 Pattern,Nov-2024 | 3rdsem_Nov.-2024_(Pattern-2023_(704_Query)_compressed.pdf,Nov-2024 | 3rdsem_Nov.-2024_(Pattern-2023_(704_Query)_compressed.pdf,A/B/C,Q2,"autrefois acquit, autrefois convict, Article 20",false,medium,high,OCR extracted from scanned paper; review wording,
sem3_qp_0016,sem3,criminal_procedure,LCC 0701,Law of Criminal Procedure,07,15,Long Question,analytical,hard,"Discuss the role of institutions in rehabilitating children in India, their types, standards, inspection, and challenges under Juvenile Justice (Care and Protection of Children) Act, 2015.",2024,Nov-2024,SPPU Nov 2024,PC-4427 / [6364]-171,2023 Pattern,Nov-2024 | 3rdsem_Nov.-2024_(Pattern-2023_(704_Query)_compressed.pdf,Nov-2024 | 3rdsem_Nov.-2024_(Pattern-2023_(704_Query)_compressed.pdf,A/B/C,Q3,"juvenile justice, rehabilitation",false,medium,high,OCR extracted from scanned paper; review wording,
sem3_qp_0017,sem3,criminal_procedure,LCC 0701,Law of Criminal Procedure,05,10,Long Question,analytical,medium,Discuss trial of warrant cases by magistrate instituted on police report.,2024,Nov-2024,SPPU Nov 2024,PC-4427 / [6364]-171,2023 Pattern,Nov-2024 | 3rdsem_Nov.-2024_(Pattern-2023_(704_Query)_compressed.pdf,Nov-2024 | 3rdsem_Nov.-2024_(Pattern-2023_(704_Query)_compressed.pdf,A/B/C,Q4,"warrant case, magistrate, police report",false,medium,high,OCR extracted from scanned paper; review wording,
sem3_qp_0018,sem3,criminal_procedure,LCC 0701,Law of Criminal Procedure,03,5,Short Note,short_note,easy,FIR and Complaint.,2024,Nov-2024,SPPU Nov 2024,PC-4427 / [6364]-171,2023 Pattern,Nov-2024 | 3rdsem_Nov.-2024_(Pattern-2023_(704_Query)_compressed.pdf,Nov-2024 | 3rdsem_Nov.-2024_(Pattern-2023_(704_Query)_compressed.pdf,A/B/C,Q5,"FIR, complaint",false,medium,high,OCR extracted from scanned paper; review wording,
sem3_qp_0019,sem3,criminal_procedure,LCC 0701,Law of Criminal Procedure,05,5,Short Note,short_note,easy,Disposal of property at conclusion of trial.,2024,Nov-2024,SPPU Nov 2024,PC-4427 / [6364]-171,2023 Pattern,Nov-2024 | 3rdsem_Nov.-2024_(Pattern-2023_(704_Query)_compressed.pdf,Nov-2024 | 3rdsem_Nov.-2024_(Pattern-2023_(704_Query)_compressed.pdf,A/B/C,Q6,disposal of property,false,medium,high,OCR extracted from scanned paper; review wording,
sem3_qp_0020,sem3,evidence_law,LCC 0702,Law of Evidence,02,15,Long Question,analytical,hard,"Discuss in detail the provisions of Bharatiya Sakshya Adhiniyam, 2023 relating to relevancy and admissibility of facts.",2025,Apr-2025,SPPU Apr 2025,,2023 Pattern,Apr-2025 | 2nd_LLB_(3rd_Sem)_2023_Apri_2025 (1).pdf,Apr-2025 | 2nd_LLB_(3rd_Sem)_2023_Apri_2025 (1).pdf,A/B/C,Q1,"relevancy, admissibility",false,medium,high,OCR extracted from scanned paper; review wording,
sem3_qp_0021,sem3,evidence_law,LCC 0702,Law of Evidence,02,15,Long Question,analytical,hard,Hearsay evidence is not admissible. Discuss this statement along with exceptions.,2025,Apr-2025,SPPU Apr 2025,,2023 Pattern,Apr-2025 | 2nd_LLB_(3rd_Sem)_2023_Apri_2025 (1).pdf,Apr-2025 | 2nd_LLB_(3rd_Sem)_2023_Apri_2025 (1).pdf,A/B/C,Q2,hearsay evidence,false,medium,high,OCR extracted from scanned paper; review wording,
sem3_qp_0022,sem3,evidence_law,LCC 0702,Law of Evidence,02,15,Long Question,analytical,hard,Admissions are the statements generally proved against the person making them. Discuss.,2025,Apr-2025,SPPU Apr 2025,,2023 Pattern,Apr-2025 | 2nd_LLB_(3rd_Sem)_2023_Apri_2025 (1).pdf,Apr-2025 | 2nd_LLB_(3rd_Sem)_2023_Apri_2025 (1).pdf,A/B/C,Q3,admissions,false,medium,high,OCR extracted from scanned paper; review wording,
sem3_qp_0023,sem3,evidence_law,LCC 0702,Law of Evidence,04,15,Long Question,analytical,hard,Discuss in detail the law regarding the admissibility and relevancy of electronic records.,2025,Apr-2025,SPPU Apr 2025,,2023 Pattern,Apr-2025 | 2nd_LLB_(3rd_Sem)_2023_Apri_2025 (1).pdf,Apr-2025 | 2nd_LLB_(3rd_Sem)_2023_Apri_2025 (1).pdf,A/B/C,Q4,electronic records,false,medium,high,OCR extracted from scanned paper; review wording,
sem3_qp_0024,sem3,evidence_law,LCC 0702,Law of Evidence,02,10,Long Question,analytical,medium,Discuss in detail relevancy of character in judicial proceedings.,2025,Apr-2025,SPPU Apr 2025,,2023 Pattern,Apr-2025 | 2nd_LLB_(3rd_Sem)_2023_Apri_2025 (1).pdf,Apr-2025 | 2nd_LLB_(3rd_Sem)_2023_Apri_2025 (1).pdf,A/B/C,Q5,character evidence,false,medium,high,OCR extracted from scanned paper; review wording,
sem3_qp_0025,sem3,evidence_law,LCC 0702,Law of Evidence,04,10,Long Question,analytical,medium,Explain the provisions relating to proof of handwriting.,2025,Apr-2025,SPPU Apr 2025,,2023 Pattern,Apr-2025 | 2nd_LLB_(3rd_Sem)_2023_Apri_2025 (1).pdf,Apr-2025 | 2nd_LLB_(3rd_Sem)_2023_Apri_2025 (1).pdf,A/B/C,Q6,handwriting proof,false,medium,high,OCR extracted from scanned paper; review wording,
sem3_qp_0026,sem3,evidence_law,LCC 0702,Law of Evidence,01,10,Long Question,analytical,medium,Explain the law relating to circumstantial evidence in the light of illustrative cases.,2025,Apr-2025,SPPU Apr 2025,,2023 Pattern,Apr-2025 | 2nd_LLB_(3rd_Sem)_2023_Apri_2025 (1).pdf,Apr-2025 | 2nd_LLB_(3rd_Sem)_2023_Apri_2025 (1).pdf,A/B/C,Q7,circumstantial evidence,false,medium,high,OCR extracted from scanned paper; review wording,
sem3_qp_0027,sem3,evidence_law,LCC 0702,Law of Evidence,02,10,Long Question,analytical,medium,What is confession? Discuss the circumstances in which confession becomes admissible.,2025,Apr-2025,SPPU Apr 2025,,2023 Pattern,Apr-2025 | 2nd_LLB_(3rd_Sem)_2023_Apri_2025 (1).pdf,Apr-2025 | 2nd_LLB_(3rd_Sem)_2023_Apri_2025 (1).pdf,A/B/C,Q8,confession,false,medium,high,OCR extracted from scanned paper; review wording,
sem3_qp_0028,sem3,evidence_law,LCC 0702,Law of Evidence,06,10,Long Question,analytical,medium,What is presumption? Discuss in detail various presumptions provided in Bharatiya Sakshya Adhiniyam.,2025,Apr-2025,SPPU Apr 2025,,2023 Pattern,Apr-2025 | 2nd_LLB_(3rd_Sem)_2023_Apri_2025 (1).pdf,Apr-2025 | 2nd_LLB_(3rd_Sem)_2023_Apri_2025 (1).pdf,A/B/C,Q9,presumption,false,medium,high,OCR extracted from scanned paper; review wording,
sem3_qp_0029,sem3,evidence_law,LCC 0702,Law of Evidence,01,5,Short Note,short_note,easy,Direct evidence and circumstantial evidence.,2025,Apr-2025,SPPU Apr 2025,,2023 Pattern,Apr-2025 | 2nd_LLB_(3rd_Sem)_2023_Apri_2025 (1).pdf,Apr-2025 | 2nd_LLB_(3rd_Sem)_2023_Apri_2025 (1).pdf,A/B/C,Q10,"direct evidence, circumstantial evidence",false,medium,high,OCR extracted from scanned paper; review wording,
sem3_qp_0030,sem3,evidence_law,LCC 0702,Law of Evidence,02,5,Short Note,short_note,easy,Admission and confession.,2025,Apr-2025,SPPU Apr 2025,,2023 Pattern,Apr-2025 | 2nd_LLB_(3rd_Sem)_2023_Apri_2025 (1).pdf,Apr-2025 | 2nd_LLB_(3rd_Sem)_2023_Apri_2025 (1).pdf,A/B/C,Q11,"admission, confession",false,medium,high,OCR extracted from scanned paper; review wording,
sem3_qp_0031,sem3,evidence_law,LCC 0702,Law of Evidence,04,5,Short Note,short_note,easy,Electronic record.,2025,Apr-2025,SPPU Apr 2025,,2023 Pattern,Apr-2025 | 2nd_LLB_(3rd_Sem)_2023_Apri_2025 (1).pdf,Apr-2025 | 2nd_LLB_(3rd_Sem)_2023_Apri_2025 (1).pdf,A/B/C,Q12,electronic record,false,medium,high,OCR extracted from scanned paper; review wording,
sem3_qp_0032,sem3,evidence_law,LCC 0702,Law of Evidence,06,15,Long Question,analytical,hard,What is meant by burden of proof? Explain the provisions of Bharatiya Sakshya Adhiniyam relating to burden of proof.,2024,Nov-2024,SPPU Nov 2024,,2023 Pattern,Nov-2024 | 3rdsem_Nov.-2024_(Pattern-2023_(704_Query)_compressed.pdf,Nov-2024 | 3rdsem_Nov.-2024_(Pattern-2023_(704_Query)_compressed.pdf,A/B/C,Q1,burden of proof,false,medium,high,OCR extracted from scanned paper; review wording,
sem3_qp_0033,sem3,evidence_law,LCC 0702,Law of Evidence,03,15,Long Question,analytical,hard,Discuss the cases in which statements by persons who cannot be called as witnesses are relevant.,2024,Nov-2024,SPPU Nov 2024,,2023 Pattern,Nov-2024 | 3rdsem_Nov.-2024_(Pattern-2023_(704_Query)_compressed.pdf,Nov-2024 | 3rdsem_Nov.-2024_(Pattern-2023_(704_Query)_compressed.pdf,A/B/C,Q2,statements by persons who cannot be called,false,medium,high,OCR extracted from scanned paper; review wording,
sem3_qp_0034,sem3,evidence_law,LCC 0702,Law of Evidence,03,15,Long Question,analytical,hard,Explain the concept of opinion of experts and state its evidentiary value.,2024,Nov-2024,SPPU Nov 2024,,2023 Pattern,Nov-2024 | 3rdsem_Nov.-2024_(Pattern-2023_(704_Query)_compressed.pdf,Nov-2024 | 3rdsem_Nov.-2024_(Pattern-2023_(704_Query)_compressed.pdf,A/B/C,Q3,expert opinion,false,medium,high,OCR extracted from scanned paper; review wording,
sem3_qp_0035,sem3,evidence_law,LCC 0702,Law of Evidence,05,10,Long Question,analytical,medium,Explain the law relating to examination of witnesses.,2024,Nov-2024,SPPU Nov 2024,,2023 Pattern,Nov-2024 | 3rdsem_Nov.-2024_(Pattern-2023_(704_Query)_compressed.pdf,Nov-2024 | 3rdsem_Nov.-2024_(Pattern-2023_(704_Query)_compressed.pdf,A/B/C,Q4,examination of witnesses,false,medium,high,OCR extracted from scanned paper; review wording,
sem3_qp_0036,sem3,evidence_law,LCC 0702,Law of Evidence,01,10,Long Question,analytical,medium,Discuss in detail the concept of circumstantial evidence and state its evidentiary value.,2024,Nov-2024,SPPU Nov 2024,,2023 Pattern,Nov-2024 | 3rdsem_Nov.-2024_(Pattern-2023_(704_Query)_compressed.pdf,Nov-2024 | 3rdsem_Nov.-2024_(Pattern-2023_(704_Query)_compressed.pdf,A/B/C,Q5,circumstantial evidence,false,medium,high,OCR extracted from scanned paper; review wording,
sem3_qp_0037,sem3,evidence_law,LCC 0702,Law of Evidence,04,10,Long Question,analytical,medium,Discuss the rules relating to exclusion of oral by documentary evidence.,2024,Nov-2024,SPPU Nov 2024,,2023 Pattern,Nov-2024 | 3rdsem_Nov.-2024_(Pattern-2023_(704_Query)_compressed.pdf,Nov-2024 | 3rdsem_Nov.-2024_(Pattern-2023_(704_Query)_compressed.pdf,A/B/C,Q6,"oral evidence, documentary evidence",false,medium,high,OCR extracted from scanned paper; review wording,
sem3_qp_0038,sem3,evidence_law,LCC 0702,Law of Evidence,05,10,Long Question,analytical,medium,Explain the law relating to competency of witnesses.,2024,Nov-2024,SPPU Nov 2024,,2023 Pattern,Nov-2024 | 3rdsem_Nov.-2024_(Pattern-2023_(704_Query)_compressed.pdf,Nov-2024 | 3rdsem_Nov.-2024_(Pattern-2023_(704_Query)_compressed.pdf,A/B/C,Q7,competency of witnesses,false,medium,high,OCR extracted from scanned paper; review wording,
sem3_qp_0039,sem3,evidence_law,LCC 0702,Law of Evidence,01,10,Long Question,analytical,medium,"Define evidence and discuss in detail the concept of proved, not proved and disproved.",2024,Nov-2024,SPPU Nov 2024,,2023 Pattern,Nov-2024 | 3rdsem_Nov.-2024_(Pattern-2023_(704_Query)_compressed.pdf,Nov-2024 | 3rdsem_Nov.-2024_(Pattern-2023_(704_Query)_compressed.pdf,A/B/C,Q8,"proved, not proved, disproved",false,medium,high,OCR extracted from scanned paper; review wording,
sem3_qp_0040,sem3,evidence_law,LCC 0702,Law of Evidence,08,5,Short Note,short_note,easy,Estoppel.,2024,Nov-2024,SPPU Nov 2024,,2023 Pattern,Nov-2024 | 3rdsem_Nov.-2024_(Pattern-2023_(704_Query)_compressed.pdf,Nov-2024 | 3rdsem_Nov.-2024_(Pattern-2023_(704_Query)_compressed.pdf,A/B/C,Q9,estoppel,false,medium,high,OCR extracted from scanned paper; review wording,
sem3_qp_0041,sem3,evidence_law,LCC 0702,Law of Evidence,07,5,Short Note,short_note,easy,Leading questions.,2024,Nov-2024,SPPU Nov 2024,,2023 Pattern,Nov-2024 | 3rdsem_Nov.-2024_(Pattern-2023_(704_Query)_compressed.pdf,Nov-2024 | 3rdsem_Nov.-2024_(Pattern-2023_(704_Query)_compressed.pdf,A/B/C,Q10,leading questions,false,medium,high,OCR extracted from scanned paper; review wording,
sem3_qp_0042,sem3,evidence_law,LCC 0702,Law of Evidence,05,5,Short Note,short_note,easy,Hostile witness.,2024,Nov-2024,SPPU Nov 2024,,2023 Pattern,Nov-2024 | 3rdsem_Nov.-2024_(Pattern-2023_(704_Query)_compressed.pdf,Nov-2024 | 3rdsem_Nov.-2024_(Pattern-2023_(704_Query)_compressed.pdf,A/B/C,Q11,hostile witness,false,medium,high,OCR extracted from scanned paper; review wording,
sem3_qp_0043,sem3,interpretation_statute,LCC 0703,Interpretation of Statute,01,15,Long Question,analytical,hard,Explain in detail the object and scope of the General Clauses Act and its relevance in interpretation of statutes.,2025,Apr-2025,SPPU Apr 2025,,2023 Pattern,Apr-2025 | 2nd_LLB_(3rd_Sem)_2023_Apri_2025 (1).pdf,Apr-2025 | 2nd_LLB_(3rd_Sem)_2023_Apri_2025 (1).pdf,A/B/C,Q1,General Clauses Act,false,medium,high,OCR extracted from scanned paper; review wording,
sem3_qp_0044,sem3,interpretation_statute,LCC 0703,Interpretation of Statute,02,15,Long Question,analytical,hard,What is meant by literal rule of interpretation? Explain its relation to the golden rule and mischief rule.,2025,Apr-2025,SPPU Apr 2025,,2023 Pattern,Apr-2025 | 2nd_LLB_(3rd_Sem)_2023_Apri_2025 (1).pdf,Apr-2025 | 2nd_LLB_(3rd_Sem)_2023_Apri_2025 (1).pdf,A/B/C,Q2,"literal rule, golden rule, mischief rule",false,medium,high,OCR extracted from scanned paper; review wording,
sem3_qp_0045,sem3,interpretation_statute,LCC 0703,Interpretation of Statute,04,15,Long Question,analytical,hard,Explain in detail the meaning of jurisdiction and different presumptions in interpretation.,2025,Apr-2025,SPPU Apr 2025,,2023 Pattern,Apr-2025 | 2nd_LLB_(3rd_Sem)_2023_Apri_2025 (1).pdf,Apr-2025 | 2nd_LLB_(3rd_Sem)_2023_Apri_2025 (1).pdf,A/B/C,Q3,"jurisdiction, presumptions",false,medium,high,OCR extracted from scanned paper; review wording,
sem3_qp_0046,sem3,interpretation_statute,LCC 0703,Interpretation of Statute,03,15,Long Question,analytical,hard,What is the difference between internal aids of interpretation and external aids of interpretation?,2025,Apr-2025,SPPU Apr 2025,,2023 Pattern,Apr-2025 | 2nd_LLB_(3rd_Sem)_2023_Apri_2025 (1).pdf,Apr-2025 | 2nd_LLB_(3rd_Sem)_2023_Apri_2025 (1).pdf,A/B/C,Q4,"internal aids, external aids",false,medium,high,OCR extracted from scanned paper; review wording,
sem3_qp_0047,sem3,interpretation_statute,LCC 0703,Interpretation of Statute,07,10,Long Question,analytical,medium,Explain the difference between express repeal and implied repeal with relevant examples.,2025,Apr-2025,SPPU Apr 2025,,2023 Pattern,Apr-2025 | 2nd_LLB_(3rd_Sem)_2023_Apri_2025 (1).pdf,Apr-2025 | 2nd_LLB_(3rd_Sem)_2023_Apri_2025 (1).pdf,A/B/C,Q5,"express repeal, implied repeal",false,medium,high,OCR extracted from scanned paper; review wording,
sem3_qp_0048,sem3,interpretation_statute,LCC 0703,Interpretation of Statute,06,10,Long Question,analytical,medium,What is meant by taxing and penal statutes? Explain rules for interpreting the same.,2025,Apr-2025,SPPU Apr 2025,,2023 Pattern,Apr-2025 | 2nd_LLB_(3rd_Sem)_2023_Apri_2025 (1).pdf,Apr-2025 | 2nd_LLB_(3rd_Sem)_2023_Apri_2025 (1).pdf,A/B/C,Q6,"taxing statute, penal statute",false,medium,high,OCR extracted from scanned paper; review wording,
sem3_qp_0049,sem3,interpretation_statute,LCC 0703,Interpretation of Statute,05,10,Long Question,analytical,medium,Critically evaluate various modes of interpretation of the Constitution.,2025,Apr-2025,SPPU Apr 2025,,2023 Pattern,Apr-2025 | 2nd_LLB_(3rd_Sem)_2023_Apri_2025 (1).pdf,Apr-2025 | 2nd_LLB_(3rd_Sem)_2023_Apri_2025 (1).pdf,A/B/C,Q7,constitutional interpretation,false,medium,high,OCR extracted from scanned paper; review wording,
sem3_qp_0050,sem3,interpretation_statute,LCC 0703,Interpretation of Statute,07,10,Long Question,analytical,medium,"Explain prospective, retrospective and retroactive application of legislation.",2025,Apr-2025,SPPU Apr 2025,,2023 Pattern,Apr-2025 | 2nd_LLB_(3rd_Sem)_2023_Apri_2025 (1).pdf,Apr-2025 | 2nd_LLB_(3rd_Sem)_2023_Apri_2025 (1).pdf,A/B/C,Q8,"prospective, retrospective, retroactive",false,medium,high,OCR extracted from scanned paper; review wording,
sem3_qp_0051,sem3,interpretation_statute,LCC 0703,Interpretation of Statute,06,5,Short Note,short_note,easy,Strict and liberal interpretation.,2025,Apr-2025,SPPU Apr 2025,,2023 Pattern,Apr-2025 | 2nd_LLB_(3rd_Sem)_2023_Apri_2025 (1).pdf,Apr-2025 | 2nd_LLB_(3rd_Sem)_2023_Apri_2025 (1).pdf,A/B/C,Q9,"strict interpretation, liberal interpretation",false,medium,high,OCR extracted from scanned paper; review wording,
sem3_qp_0052,sem3,interpretation_statute,LCC 0703,Interpretation of Statute,02,5,Short Note,short_note,easy,Ejusdem generis.,2025,Apr-2025,SPPU Apr 2025,,2023 Pattern,Apr-2025 | 2nd_LLB_(3rd_Sem)_2023_Apri_2025 (1).pdf,Apr-2025 | 2nd_LLB_(3rd_Sem)_2023_Apri_2025 (1).pdf,A/B/C,Q10,ejusdem generis,false,medium,high,OCR extracted from scanned paper; review wording,
sem3_qp_0053,sem3,interpretation_statute,LCC 0703,Interpretation of Statute,01,15,Long Question,analytical,hard,What is the relevance and importance of interpretation of statutes to the legal system?,2024,Nov-2024,SPPU Nov 2024,,2023 Pattern,Nov-2024 | 3rdsem_Nov.-2024_(Pattern-2023_(704_Query)_compressed.pdf,Nov-2024 | 3rdsem_Nov.-2024_(Pattern-2023_(704_Query)_compressed.pdf,A/B/C,Q1,importance of interpretation,false,medium,high,OCR extracted from scanned paper; review wording,
sem3_qp_0054,sem3,interpretation_statute,LCC 0703,Interpretation of Statute,02,15,Long Question,analytical,hard,What is the Golden Rule of interpretation? How is it different from the Mischief Rule?,2024,Nov-2024,SPPU Nov 2024,,2023 Pattern,Nov-2024 | 3rdsem_Nov.-2024_(Pattern-2023_(704_Query)_compressed.pdf,Nov-2024 | 3rdsem_Nov.-2024_(Pattern-2023_(704_Query)_compressed.pdf,A/B/C,Q2,"golden rule, mischief rule",false,medium,high,OCR extracted from scanned paper; review wording,
sem3_qp_0055,sem3,interpretation_statute,LCC 0703,Interpretation of Statute,01,15,Long Question,analytical,hard,Explain different types of statutes with relevant examples of each of them.,2024,Nov-2024,SPPU Nov 2024,,2023 Pattern,Nov-2024 | 3rdsem_Nov.-2024_(Pattern-2023_(704_Query)_compressed.pdf,Nov-2024 | 3rdsem_Nov.-2024_(Pattern-2023_(704_Query)_compressed.pdf,A/B/C,Q3,types of statutes,false,medium,high,OCR extracted from scanned paper; review wording,
sem3_qp_0056,sem3,interpretation_statute,LCC 0703,Interpretation of Statute,04,10,Long Question,analytical,medium,Explain various presumptions used in interpretation of statutes.,2024,Nov-2024,SPPU Nov 2024,,2023 Pattern,Nov-2024 | 3rdsem_Nov.-2024_(Pattern-2023_(704_Query)_compressed.pdf,Nov-2024 | 3rdsem_Nov.-2024_(Pattern-2023_(704_Query)_compressed.pdf,A/B/C,Q4,presumptions,false,medium,high,OCR extracted from scanned paper; review wording,
sem3_qp_0057,sem3,interpretation_statute,LCC 0703,Interpretation of Statute,06,10,Long Question,analytical,medium,What is meant by remedial statutes? Explain rules used in interpreting remedial statutes.,2024,Nov-2024,SPPU Nov 2024,,2023 Pattern,Nov-2024 | 3rdsem_Nov.-2024_(Pattern-2023_(704_Query)_compressed.pdf,Nov-2024 | 3rdsem_Nov.-2024_(Pattern-2023_(704_Query)_compressed.pdf,A/B/C,Q5,remedial statutes,false,medium,high,OCR extracted from scanned paper; review wording,
sem3_qp_0058,sem3,interpretation_statute,LCC 0703,Interpretation of Statute,07,10,Long Question,analytical,medium,What are different types of repeal? Explain the legal effect of a repealed statute.,2024,Nov-2024,SPPU Nov 2024,,2023 Pattern,Nov-2024 | 3rdsem_Nov.-2024_(Pattern-2023_(704_Query)_compressed.pdf,Nov-2024 | 3rdsem_Nov.-2024_(Pattern-2023_(704_Query)_compressed.pdf,A/B/C,Q6,repeal,false,medium,high,OCR extracted from scanned paper; review wording,
sem3_qp_0059,sem3,interpretation_statute,LCC 0703,Interpretation of Statute,05,10,Long Question,analytical,medium,What are various modes of interpretation of the Constitution? Which mode is most suitable in Indian context?,2024,Nov-2024,SPPU Nov 2024,,2023 Pattern,Nov-2024 | 3rdsem_Nov.-2024_(Pattern-2023_(704_Query)_compressed.pdf,Nov-2024 | 3rdsem_Nov.-2024_(Pattern-2023_(704_Query)_compressed.pdf,A/B/C,Q7,constitutional interpretation,false,medium,high,OCR extracted from scanned paper; review wording,
sem3_qp_0060,sem3,interpretation_statute,LCC 0703,Interpretation of Statute,01,10,Long Question,analytical,medium,Summarise the provisions of the General Clauses Act and its relevance in interpretation.,2024,Nov-2024,SPPU Nov 2024,,2023 Pattern,Nov-2024 | 3rdsem_Nov.-2024_(Pattern-2023_(704_Query)_compressed.pdf,Nov-2024 | 3rdsem_Nov.-2024_(Pattern-2023_(704_Query)_compressed.pdf,A/B/C,Q8,General Clauses Act,false,medium,high,OCR extracted from scanned paper; review wording,
sem3_qp_0061,sem3,interpretation_statute,LCC 0703,Interpretation of Statute,01,5,Short Note,short_note,easy,Difference between interpretation and construction.,2024,Nov-2024,SPPU Nov 2024,,2023 Pattern,Nov-2024 | 3rdsem_Nov.-2024_(Pattern-2023_(704_Query)_compressed.pdf,Nov-2024 | 3rdsem_Nov.-2024_(Pattern-2023_(704_Query)_compressed.pdf,A/B/C,Q9,"interpretation, construction",false,medium,high,OCR extracted from scanned paper; review wording,
sem3_qp_0062,sem3,prof_ethics_contempt,LAEC 0704,Professional Ethics and Contempt of Court Law,01,15,Long Question,analytical,hard,Discuss the development of legal profession in India before independence.,2025,Apr-2025,SPPU Apr 2025,,2023 Pattern,Apr-2025 | 2nd_LLB_(3rd_Sem)_2023_Apri_2025 (1).pdf,Apr-2025 | 2nd_LLB_(3rd_Sem)_2023_Apri_2025 (1).pdf,A/B/C,Q1,history of legal profession,false,medium,high,OCR extracted; review wording,
sem3_qp_0063,sem3,prof_ethics_contempt,LAEC 0704,Professional Ethics and Contempt of Court Law,01,15,Long Question,analytical,hard,Explain the history of the legal profession before the independence period.,2025,Apr-2025,SPPU Apr 2025,,2023 Pattern,Apr-2025 | 2nd_LLB_(3rd_Sem)_2023_Apri_2025 (1).pdf,Apr-2025 | 2nd_LLB_(3rd_Sem)_2023_Apri_2025 (1).pdf,A/B/C,Q2,history of legal profession,false,medium,high,OCR extracted; review wording,
sem3_qp_0064,sem3,prof_ethics_contempt,LAEC 0704,Professional Ethics and Contempt of Court Law,07,15,Long Question,analytical,hard,"General defences available in civil and criminal contempt of court under the Contempt of Courts Act, 1971.",2025,Apr-2025,SPPU Apr 2025,,2023 Pattern,Apr-2025 | 2nd_LLB_(3rd_Sem)_2023_Apri_2025 (1).pdf,Apr-2025 | 2nd_LLB_(3rd_Sem)_2023_Apri_2025 (1).pdf,A/B/C,Q3,contempt defences,false,medium,high,OCR extracted; review wording,
sem3_qp_0065,sem3,prof_ethics_contempt,LAEC 0704,Professional Ethics and Contempt of Court Law,06,15,Long Question,analytical,hard,"Define professional misconduct. Explain the provisions relating to professional misconduct under the Advocates Act, 1961.",2025,Apr-2025,SPPU Apr 2025,,2023 Pattern,Apr-2025 | 2nd_LLB_(3rd_Sem)_2023_Apri_2025 (1).pdf,Apr-2025 | 2nd_LLB_(3rd_Sem)_2023_Apri_2025 (1).pdf,A/B/C,Q4,professional misconduct,false,medium,high,OCR extracted; review wording,
sem3_qp_0066,sem3,prof_ethics_contempt,LAEC 0704,Professional Ethics and Contempt of Court Law,07,15,Long Question,analytical,hard,Define the term contempt of court. Explain freedom of speech and contempt of court.,2025,Apr-2025,SPPU Apr 2025,,2023 Pattern,Apr-2025 | 2nd_LLB_(3rd_Sem)_2023_Apri_2025 (1).pdf,Apr-2025 | 2nd_LLB_(3rd_Sem)_2023_Apri_2025 (1).pdf,A/B/C,Q5,"contempt, freedom of speech",false,medium,high,OCR extracted; review wording,
sem3_qp_0067,sem3,prof_ethics_contempt,LAEC 0704,Professional Ethics and Contempt of Court Law,02,10,Long Question,analytical,medium,Discuss the provisions relating to norms of professional ethics and duties of advocates.,2025,Apr-2025,SPPU Apr 2025,,2023 Pattern,Apr-2025 | 2nd_LLB_(3rd_Sem)_2023_Apri_2025 (1).pdf,Apr-2025 | 2nd_LLB_(3rd_Sem)_2023_Apri_2025 (1).pdf,A/B/C,Q6,"professional ethics, duties",false,medium,high,OCR extracted; review wording,
sem3_qp_0068,sem3,prof_ethics_contempt,LAEC 0704,Professional Ethics and Contempt of Court Law,07,10,Long Question,analytical,medium,Truth cannot be pleaded as a defence in contempt proceedings. Discuss in light of relevant law.,2025,Apr-2025,SPPU Apr 2025,,2023 Pattern,Apr-2025 | 2nd_LLB_(3rd_Sem)_2023_Apri_2025 (1).pdf,Apr-2025 | 2nd_LLB_(3rd_Sem)_2023_Apri_2025 (1).pdf,A/B/C,Q7,"truth, contempt",false,medium,high,OCR extracted; review wording,
sem3_qp_0069,sem3,prof_ethics_contempt,LAEC 0704,Professional Ethics and Contempt of Court Law,02,10,Long Question,analytical,medium,Discuss the duties of an advocate towards the court under the rules of the Bar Council of India.,2025,Apr-2025,SPPU Apr 2025,,2023 Pattern,Apr-2025 | 2nd_LLB_(3rd_Sem)_2023_Apri_2025 (1).pdf,Apr-2025 | 2nd_LLB_(3rd_Sem)_2023_Apri_2025 (1).pdf,A/B/C,Q8,duties towards court,false,medium,high,OCR extracted; review wording,
sem3_qp_0070,sem3,prof_ethics_contempt,LAEC 0704,Professional Ethics and Contempt of Court Law,06,10,Long Question,analytical,medium,"Write a case comment on Ex-Capt. Harish Uppal v. Union of India, AIR 2003 SC 739.",2025,Apr-2025,SPPU Apr 2025,,2023 Pattern,Apr-2025 | 2nd_LLB_(3rd_Sem)_2023_Apri_2025 (1).pdf,Apr-2025 | 2nd_LLB_(3rd_Sem)_2023_Apri_2025 (1).pdf,A/B/C,Q9,"case comment, advocates strike",false,medium,high,OCR extracted; review wording,
sem3_qp_0071,sem3,prof_ethics_contempt,LAEC 0704,Professional Ethics and Contempt of Court Law,07,10,Long Question,analytical,medium,Write a case comment on High Court of Judicature at Bombay v. Manisha Koirala or related contempt decision.,2025,Apr-2025,SPPU Apr 2025,,2023 Pattern,Apr-2025 | 2nd_LLB_(3rd_Sem)_2023_Apri_2025 (1).pdf,Apr-2025 | 2nd_LLB_(3rd_Sem)_2023_Apri_2025 (1).pdf,A/B/C,Q10,"case comment, contempt",false,medium,high,OCR extracted; review wording,
sem3_qp_0072,sem3,prof_ethics_contempt,LAEC 0704,Professional Ethics and Contempt of Court Law,05,5,Short Note,short_note,easy,Right of pre-audience.,2025,Apr-2025,SPPU Apr 2025,,2023 Pattern,Apr-2025 | 2nd_LLB_(3rd_Sem)_2023_Apri_2025 (1).pdf,Apr-2025 | 2nd_LLB_(3rd_Sem)_2023_Apri_2025 (1).pdf,A/B/C,Q11,pre-audience,false,medium,high,OCR extracted; review wording,
sem3_qp_0073,sem3,prof_ethics_contempt,LAEC 0704,Professional Ethics and Contempt of Court Law,04,5,Short Note,short_note,easy,Disqualification for enrolment.,2025,Apr-2025,SPPU Apr 2025,,2023 Pattern,Apr-2025 | 2nd_LLB_(3rd_Sem)_2023_Apri_2025 (1).pdf,Apr-2025 | 2nd_LLB_(3rd_Sem)_2023_Apri_2025 (1).pdf,A/B/C,Q12,"enrolment, disqualification",false,medium,high,OCR extracted; review wording,
sem3_qp_0074,sem3,prof_ethics_contempt,LAEC 0704,Professional Ethics and Contempt of Court Law,06,5,Short Note,short_note,easy,Disciplinary powers of Bar Council of India.,2025,Apr-2025,SPPU Apr 2025,,2023 Pattern,Apr-2025 | 2nd_LLB_(3rd_Sem)_2023_Apri_2025 (1).pdf,Apr-2025 | 2nd_LLB_(3rd_Sem)_2023_Apri_2025 (1).pdf,A/B/C,Q13,disciplinary powers,false,medium,high,OCR extracted; review wording,
sem3_qp_0075,sem3,prof_ethics_contempt,LAEC 0704,Professional Ethics and Contempt of Court Law,02,5,Short Note,short_note,easy,Rules as to Vakalatnama.,2025,Apr-2025,SPPU Apr 2025,,2023 Pattern,Apr-2025 | 2nd_LLB_(3rd_Sem)_2023_Apri_2025 (1).pdf,Apr-2025 | 2nd_LLB_(3rd_Sem)_2023_Apri_2025 (1).pdf,A/B/C,Q14,vakalatnama,false,medium,high,OCR extracted; review wording,
sem3_qp_0076,sem3,prof_ethics_contempt,LAEC 0704,Professional Ethics and Contempt of Court Law,05,5,Short Note,short_note,easy,Senior and other advocates.,2025,Apr-2025,SPPU Apr 2025,,2023 Pattern,Apr-2025 | 2nd_LLB_(3rd_Sem)_2023_Apri_2025 (1).pdf,Apr-2025 | 2nd_LLB_(3rd_Sem)_2023_Apri_2025 (1).pdf,A/B/C,Q15,senior advocates,false,medium,high,OCR extracted; review wording,
sem3_qp_0077,sem3,prof_ethics_contempt,LAEC 0704,Professional Ethics and Contempt of Court Law,08,5,Short Note,short_note,easy,E-courts in India.,2025,Apr-2025,SPPU Apr 2025,,2023 Pattern,Apr-2025 | 2nd_LLB_(3rd_Sem)_2023_Apri_2025 (1).pdf,Apr-2025 | 2nd_LLB_(3rd_Sem)_2023_Apri_2025 (1).pdf,A/B/C,Q16,e-courts,false,medium,high,OCR extracted; review wording,
sem3_qp_0078,sem3,prof_ethics_contempt,LAEC 0704,Professional Ethics and Contempt of Court Law,07,15,Long Question,analytical,hard,Explain the meaning and nature of contempt of court. Discuss in detail the kinds of contempt.,2023/2024,Nov-2023 / Apr-2024,Older Professional Ethics paper dump,,2017 Pattern,Professional Ethics | 704_Professioinal_Ethics_and_Contempt_of_Court_Law.pdf / Professional Ethics | 704_Professional_Ethics_and_Contempt_of_Court_Law_Q.P..pdf,Professional Ethics | 704_Professioinal_Ethics_and_Contempt_of_Court_Law.pdf / Professional Ethics | 704_Professional_Ethics_and_Contempt_of_Court_Law_Q.P..pdf,A/B/C,Q1,contempt of court,false,medium,needs_review,,Mixed older paper source; confirm exact paper year from PDF scan before JSON.
sem3_qp_0079,sem3,prof_ethics_contempt,LAEC 0704,Professional Ethics and Contempt of Court Law,05,15,Long Question,analytical,hard,"Explain the right of advocates to practice under the Advocates Act, 1961.",2023/2024,Nov-2023 / Apr-2024,Older Professional Ethics paper dump,,2017 Pattern,Professional Ethics | 704_Professioinal_Ethics_and_Contempt_of_Court_Law.pdf / Professional Ethics | 704_Professional_Ethics_and_Contempt_of_Court_Law_Q.P..pdf,Professional Ethics | 704_Professioinal_Ethics_and_Contempt_of_Court_Law.pdf / Professional Ethics | 704_Professional_Ethics_and_Contempt_of_Court_Law_Q.P..pdf,A/B/C,Q2,right to practice,false,medium,needs_review,,Mixed older paper source; confirm exact paper year from PDF scan before JSON.
sem3_qp_0080,sem3,prof_ethics_contempt,LAEC 0704,Professional Ethics and Contempt of Court Law,03,15,Long Question,analytical,hard,"Explain the composition, powers and functions of State Bar Councils.",2023/2024,Nov-2023 / Apr-2024,Older Professional Ethics paper dump,,2017 Pattern,Professional Ethics | 704_Professioinal_Ethics_and_Contempt_of_Court_Law.pdf / Professional Ethics | 704_Professional_Ethics_and_Contempt_of_Court_Law_Q.P..pdf,Professional Ethics | 704_Professioinal_Ethics_and_Contempt_of_Court_Law.pdf / Professional Ethics | 704_Professional_Ethics_and_Contempt_of_Court_Law_Q.P..pdf,A/B/C,Q3,State Bar Council,false,medium,needs_review,,Mixed older paper source; confirm exact paper year from PDF scan before JSON.
sem3_qp_0081,sem3,prof_ethics_contempt,LAEC 0704,Professional Ethics and Contempt of Court Law,01,15,Long Question,analytical,hard,What do you mean by legal profession? Trace the development of legal profession in India.,2023/2024,Nov-2023 / Apr-2024,Older Professional Ethics paper dump,,2017 Pattern,Professional Ethics | 704_Professioinal_Ethics_and_Contempt_of_Court_Law.pdf / Professional Ethics | 704_Professional_Ethics_and_Contempt_of_Court_Law_Q.P..pdf,Professional Ethics | 704_Professioinal_Ethics_and_Contempt_of_Court_Law.pdf / Professional Ethics | 704_Professional_Ethics_and_Contempt_of_Court_Law_Q.P..pdf,A/B/C,Q4,legal profession history,false,medium,needs_review,,Mixed older paper source; confirm exact paper year from PDF scan before JSON.
sem3_qp_0082,sem3,prof_ethics_contempt,LAEC 0704,Professional Ethics and Contempt of Court Law,07,15,Long Question,analytical,hard,"Analyze the case of In Re Arundhati Roy, AIR 2002 SC 1375.",2023/2024,Nov-2023 / Apr-2024,Older Professional Ethics paper dump,,2017 Pattern,Professional Ethics | 704_Professioinal_Ethics_and_Contempt_of_Court_Law.pdf / Professional Ethics | 704_Professional_Ethics_and_Contempt_of_Court_Law_Q.P..pdf,Professional Ethics | 704_Professioinal_Ethics_and_Contempt_of_Court_Law.pdf / Professional Ethics | 704_Professional_Ethics_and_Contempt_of_Court_Law_Q.P..pdf,A/B/C,Q5,In Re Arundhati Roy,false,medium,needs_review,,Mixed older paper source; confirm exact paper year from PDF scan before JSON.
sem3_qp_0083,sem3,prof_ethics_contempt,LAEC 0704,Professional Ethics and Contempt of Court Law,02,10,Long Question,analytical,medium,Explain the concept of professional ethics. Discuss the duties of advocate towards clients.,2023/2024,Nov-2023 / Apr-2024,Older Professional Ethics paper dump,,2017 Pattern,Professional Ethics | 704_Professioinal_Ethics_and_Contempt_of_Court_Law.pdf / Professional Ethics | 704_Professional_Ethics_and_Contempt_of_Court_Law_Q.P..pdf,Professional Ethics | 704_Professioinal_Ethics_and_Contempt_of_Court_Law.pdf / Professional Ethics | 704_Professional_Ethics_and_Contempt_of_Court_Law_Q.P..pdf,A/B/C,Q6,"professional ethics, clients",false,medium,needs_review,,Mixed older paper source; confirm exact paper year from PDF scan before JSON.
sem3_qp_0084,sem3,prof_ethics_contempt,LAEC 0704,Professional Ethics and Contempt of Court Law,06,10,Long Question,analytical,medium,Write a note on punishments of advocates for professional or other misconduct.,2023/2024,Nov-2023 / Apr-2024,Older Professional Ethics paper dump,,2017 Pattern,Professional Ethics | 704_Professioinal_Ethics_and_Contempt_of_Court_Law.pdf / Professional Ethics | 704_Professional_Ethics_and_Contempt_of_Court_Law_Q.P..pdf,Professional Ethics | 704_Professioinal_Ethics_and_Contempt_of_Court_Law.pdf / Professional Ethics | 704_Professional_Ethics_and_Contempt_of_Court_Law_Q.P..pdf,A/B/C,Q7,"punishment, misconduct",false,medium,needs_review,,Mixed older paper source; confirm exact paper year from PDF scan before JSON.
sem3_qp_0085,sem3,prof_ethics_contempt,LAEC 0704,Professional Ethics and Contempt of Court Law,07,10,Long Question,analytical,medium,Explain the meaning of contempt of court. Discuss the defences for criminal contempt.,2023/2024,Nov-2023 / Apr-2024,Older Professional Ethics paper dump,,2017 Pattern,Professional Ethics | 704_Professioinal_Ethics_and_Contempt_of_Court_Law.pdf / Professional Ethics | 704_Professional_Ethics_and_Contempt_of_Court_Law_Q.P..pdf,Professional Ethics | 704_Professioinal_Ethics_and_Contempt_of_Court_Law.pdf / Professional Ethics | 704_Professional_Ethics_and_Contempt_of_Court_Law_Q.P..pdf,A/B/C,Q8,criminal contempt defences,false,medium,needs_review,,Mixed older paper source; confirm exact paper year from PDF scan before JSON.
sem3_qp_0086,sem3,prof_ethics_contempt,LAEC 0704,Professional Ethics and Contempt of Court Law,02,10,Long Question,analytical,medium,Discuss the skills essential for a lawyer to have a good practice and profession.,2023/2024,Nov-2023 / Apr-2024,Older Professional Ethics paper dump,,2017 Pattern,Professional Ethics | 704_Professioinal_Ethics_and_Contempt_of_Court_Law.pdf / Professional Ethics | 704_Professional_Ethics_and_Contempt_of_Court_Law_Q.P..pdf,Professional Ethics | 704_Professioinal_Ethics_and_Contempt_of_Court_Law.pdf / Professional Ethics | 704_Professional_Ethics_and_Contempt_of_Court_Law_Q.P..pdf,A/B/C,Q9,lawyer skills,false,medium,needs_review,,Mixed older paper source; confirm exact paper year from PDF scan before JSON.
sem3_qp_0087,sem3,prof_ethics_contempt,LAEC 0704,Professional Ethics and Contempt of Court Law,04,5,Short Note,short_note,easy,Alteration in roll of advocates.,2023/2024,Nov-2023 / Apr-2024,Older Professional Ethics paper dump,,2017 Pattern,Professional Ethics | 704_Professioinal_Ethics_and_Contempt_of_Court_Law.pdf / Professional Ethics | 704_Professional_Ethics_and_Contempt_of_Court_Law_Q.P..pdf,Professional Ethics | 704_Professioinal_Ethics_and_Contempt_of_Court_Law.pdf / Professional Ethics | 704_Professional_Ethics_and_Contempt_of_Court_Law_Q.P..pdf,A/B/C,Q10,roll of advocates,false,medium,needs_review,,Mixed older paper source; confirm exact paper year from PDF scan before JSON.
sem3_qp_0088,sem3,prof_ethics_contempt,LAEC 0704,Professional Ethics and Contempt of Court Law,06,5,Short Note,short_note,easy,Advocates right to strike.,2023/2024,Nov-2023 / Apr-2024,Older Professional Ethics paper dump,,2017 Pattern,Professional Ethics | 704_Professioinal_Ethics_and_Contempt_of_Court_Law.pdf / Professional Ethics | 704_Professional_Ethics_and_Contempt_of_Court_Law_Q.P..pdf,Professional Ethics | 704_Professioinal_Ethics_and_Contempt_of_Court_Law.pdf / Professional Ethics | 704_Professional_Ethics_and_Contempt_of_Court_Law_Q.P..pdf,A/B/C,Q11,strike,false,medium,needs_review,,Mixed older paper source; confirm exact paper year from PDF scan before JSON.
sem3_qp_0089,sem3,prof_ethics_contempt,LAEC 0704,Professional Ethics and Contempt of Court Law,07,5,Short Note,short_note,easy,Freedom of speech and contempt of court.,2023/2024,Nov-2023 / Apr-2024,Older Professional Ethics paper dump,,2017 Pattern,Professional Ethics | 704_Professioinal_Ethics_and_Contempt_of_Court_Law.pdf / Professional Ethics | 704_Professional_Ethics_and_Contempt_of_Court_Law_Q.P..pdf,Professional Ethics | 704_Professioinal_Ethics_and_Contempt_of_Court_Law.pdf / Professional Ethics | 704_Professional_Ethics_and_Contempt_of_Court_Law_Q.P..pdf,A/B/C,Q12,freedom of speech,false,medium,needs_review,,Mixed older paper source; confirm exact paper year from PDF scan before JSON.
sem3_qp_0090,sem3,prof_ethics_contempt,LAEC 0704,Professional Ethics and Contempt of Court Law,04,15,Long Question,analytical,hard,"Discuss the law relating to enrolment of advocates under the Advocates Act, 1961.",2022,Nov-2022,SPPU Nov 2022,PA-4327 / [5933]-704,2017 Pattern,Professional Ethics | 704_Professioinal_Ethics_and_Contempt_of_Court_Law.pdf / Professional Ethics | 704_Professional_Ethics_and_Contempt_of_Court_Law_Q.P..pdf,Professional Ethics | 704_Professioinal_Ethics_and_Contempt_of_Court_Law.pdf / Professional Ethics | 704_Professional_Ethics_and_Contempt_of_Court_Law_Q.P..pdf,A/B/C,Q13,enrolment,false,medium,medium,,
sem3_qp_0091,sem3,prof_ethics_contempt,LAEC 0704,Professional Ethics and Contempt of Court Law,07,15,Long Question,analytical,hard,Define the concept of contempt of court. Explain the procedure for initiating contempt proceedings.,2022,Nov-2022,SPPU Nov 2022,PA-4327 / [5933]-704,2017 Pattern,Professional Ethics | 704_Professioinal_Ethics_and_Contempt_of_Court_Law.pdf / Professional Ethics | 704_Professional_Ethics_and_Contempt_of_Court_Law_Q.P..pdf,Professional Ethics | 704_Professioinal_Ethics_and_Contempt_of_Court_Law.pdf / Professional Ethics | 704_Professional_Ethics_and_Contempt_of_Court_Law_Q.P..pdf,A/B/C,Q14,contempt proceedings,false,medium,medium,,
sem3_qp_0092,sem3,prof_ethics_contempt,LAEC 0704,Professional Ethics and Contempt of Court Law,07,10,Long Question,analytical,medium,John D’Souza v. Edward Ani case comment.,2022,Nov-2022,SPPU Nov 2022,PA-4327 / [5933]-704,2017 Pattern,Professional Ethics | 704_Professioinal_Ethics_and_Contempt_of_Court_Law.pdf / Professional Ethics | 704_Professional_Ethics_and_Contempt_of_Court_Law_Q.P..pdf,Professional Ethics | 704_Professioinal_Ethics_and_Contempt_of_Court_Law.pdf / Professional Ethics | 704_Professional_Ethics_and_Contempt_of_Court_Law_Q.P..pdf,A/B/C,Q15,case comment,false,medium,medium,,
sem3_qp_0093,sem3,prof_ethics_contempt,LAEC 0704,Professional Ethics and Contempt of Court Law,07,10,Long Question,analytical,medium,"P. N. Duda v. V. P. Shiv Shankar, AIR 1988 SC 1202 case comment.",2022,Nov-2022,SPPU Nov 2022,PA-4327 / [5933]-704,2017 Pattern,Professional Ethics | 704_Professioinal_Ethics_and_Contempt_of_Court_Law.pdf / Professional Ethics | 704_Professional_Ethics_and_Contempt_of_Court_Law_Q.P..pdf,Professional Ethics | 704_Professioinal_Ethics_and_Contempt_of_Court_Law.pdf / Professional Ethics | 704_Professional_Ethics_and_Contempt_of_Court_Law_Q.P..pdf,A/B/C,Q16,case comment,false,medium,medium,,
sem3_qp_0094,sem3,prof_ethics_contempt,LAEC 0704,Professional Ethics and Contempt of Court Law,02,5,Short Note,short_note,easy,Advertisement by advocates.,2022,Nov-2022,SPPU Nov 2022,PA-4327 / [5933]-704,2017 Pattern,Professional Ethics | 704_Professioinal_Ethics_and_Contempt_of_Court_Law.pdf / Professional Ethics | 704_Professional_Ethics_and_Contempt_of_Court_Law_Q.P..pdf,Professional Ethics | 704_Professioinal_Ethics_and_Contempt_of_Court_Law.pdf / Professional Ethics | 704_Professional_Ethics_and_Contempt_of_Court_Law_Q.P..pdf,A/B/C,Q17,advertisement,false,medium,medium,,
sem3_qp_0095,sem3,prof_ethics_contempt,LAEC 0704,Professional Ethics and Contempt of Court Law,02,5,Short Note,short_note,easy,Dress code for advocates.,2022,Nov-2022,SPPU Nov 2022,PA-4327 / [5933]-704,2017 Pattern,Professional Ethics | 704_Professioinal_Ethics_and_Contempt_of_Court_Law.pdf / Professional Ethics | 704_Professional_Ethics_and_Contempt_of_Court_Law_Q.P..pdf,Professional Ethics | 704_Professioinal_Ethics_and_Contempt_of_Court_Law.pdf / Professional Ethics | 704_Professional_Ethics_and_Contempt_of_Court_Law_Q.P..pdf,A/B/C,Q18,dress code,false,medium,medium,,
sem3_qp_0096,sem3,prof_ethics_contempt,LAEC 0704,Professional Ethics and Contempt of Court Law,07,5,Short Note,short_note,easy,Remedies for contempt of court.,2022,Nov-2022,SPPU Nov 2022,PA-4327 / [5933]-704,2017 Pattern,Professional Ethics | 704_Professioinal_Ethics_and_Contempt_of_Court_Law.pdf / Professional Ethics | 704_Professional_Ethics_and_Contempt_of_Court_Law_Q.P..pdf,Professional Ethics | 704_Professioinal_Ethics_and_Contempt_of_Court_Law.pdf / Professional Ethics | 704_Professional_Ethics_and_Contempt_of_Court_Law_Q.P..pdf,A/B/C,Q19,contempt remedies,false,medium,medium,,
sem3_qp_0097,sem3,prof_ethics_contempt,LAEC 0704,Professional Ethics and Contempt of Court Law,07,5,Short Note,short_note,easy,Punishment for contempt of court.,2022,Nov-2022,SPPU Nov 2022,PA-4327 / [5933]-704,2017 Pattern,Professional Ethics | 704_Professioinal_Ethics_and_Contempt_of_Court_Law.pdf / Professional Ethics | 704_Professional_Ethics_and_Contempt_of_Court_Law_Q.P..pdf,Professional Ethics | 704_Professioinal_Ethics_and_Contempt_of_Court_Law.pdf / Professional Ethics | 704_Professional_Ethics_and_Contempt_of_Court_Law_Q.P..pdf,A/B/C,Q20,punishment contempt,false,medium,medium,,
sem3_qp_0098,sem3,prof_ethics_contempt,LAEC 0704,Professional Ethics and Contempt of Court Law,04,5,Short Note,short_note,easy,Appeal to Bar Council of India.,2022,Nov-2022,SPPU Nov 2022,PA-4327 / [5933]-704,2017 Pattern,Professional Ethics | 704_Professioinal_Ethics_and_Contempt_of_Court_Law.pdf / Professional Ethics | 704_Professional_Ethics_and_Contempt_of_Court_Law_Q.P..pdf,Professional Ethics | 704_Professioinal_Ethics_and_Contempt_of_Court_Law.pdf / Professional Ethics | 704_Professional_Ethics_and_Contempt_of_Court_Law_Q.P..pdf,A/B/C,Q21,appeal BCI,false,medium,medium,,
sem3_qp_0099,sem3,investment_securities,LDSE 0705,Investment and Securities Law,02,15,Long Question,analytical,hard,Explain the concept of Securities Market.,2024,Nov-2024,SPPU Nov 2024,,2023 Pattern,Nov-2024 | 3rdsem_Nov.-2024_(Pattern-2023_(704_Query)_compressed.pdf,Nov-2024 | 3rdsem_Nov.-2024_(Pattern-2023_(704_Query)_compressed.pdf,A/B,Q1,securities market,false,medium,high,OCR extracted; review wording,
sem3_qp_0100,sem3,investment_securities,LDSE 0705,Investment and Securities Law,03,15,Long Question,analytical,hard,What is the role of SEBI in securities market? Discuss the powers and functions of SEBI.,2024,Nov-2024,SPPU Nov 2024,,2023 Pattern,Nov-2024 | 3rdsem_Nov.-2024_(Pattern-2023_(704_Query)_compressed.pdf,Nov-2024 | 3rdsem_Nov.-2024_(Pattern-2023_(704_Query)_compressed.pdf,A/B,Q2,"SEBI, powers, functions",false,medium,high,OCR extracted; review wording,
sem3_qp_0101,sem3,investment_securities,LDSE 0705,Investment and Securities Law,02,10,Long Question,analytical,medium,Write a detailed note on ownership instruments.,2024,Nov-2024,SPPU Nov 2024,,2023 Pattern,Nov-2024 | 3rdsem_Nov.-2024_(Pattern-2023_(704_Query)_compressed.pdf,Nov-2024 | 3rdsem_Nov.-2024_(Pattern-2023_(704_Query)_compressed.pdf,A/B,Q3,ownership instruments,false,medium,high,OCR extracted; review wording,
sem3_qp_0102,sem3,investment_securities,LDSE 0705,Investment and Securities Law,04,10,Long Question,analytical,medium,Explain the procedure for a stock exchange to be a recognized stock exchange.,2024,Nov-2024,SPPU Nov 2024,,2023 Pattern,Nov-2024 | 3rdsem_Nov.-2024_(Pattern-2023_(704_Query)_compressed.pdf,Nov-2024 | 3rdsem_Nov.-2024_(Pattern-2023_(704_Query)_compressed.pdf,A/B,Q4,stock exchange recognition,false,medium,high,OCR extracted; review wording,
sem3_qp_0103,sem3,investment_securities,LDSE 0705,Investment and Securities Law,05,10,Long Question,analytical,medium,Discuss insider trading with the help of laws relating to investment and securities.,2024,Nov-2024,SPPU Nov 2024,,2023 Pattern,Nov-2024 | 3rdsem_Nov.-2024_(Pattern-2023_(704_Query)_compressed.pdf,Nov-2024 | 3rdsem_Nov.-2024_(Pattern-2023_(704_Query)_compressed.pdf,A/B,Q5,insider trading,false,medium,high,OCR extracted; review wording,
sem3_qp_0104,sem3,investment_securities,LDSE 0705,Investment and Securities Law,06,10,Long Question,analytical,medium,Explain grievance redressal mechanism under SEBI (Listing Obligations and Disclosure Requirements) Regulations.,2024,Nov-2024,SPPU Nov 2024,,2023 Pattern,Nov-2024 | 3rdsem_Nov.-2024_(Pattern-2023_(704_Query)_compressed.pdf,Nov-2024 | 3rdsem_Nov.-2024_(Pattern-2023_(704_Query)_compressed.pdf,A/B,Q6,"grievance redressal, LODR",false,medium,high,OCR extracted; review wording,
sem3_qp_0105,sem3,investment_securities,LDSE 0705,Investment and Securities Law,07,10,Long Question,analytical,medium,Discuss in detail the regulation and management of foreign exchange.,2024,Nov-2024,SPPU Nov 2024,,2023 Pattern,Nov-2024 | 3rdsem_Nov.-2024_(Pattern-2023_(704_Query)_compressed.pdf,Nov-2024 | 3rdsem_Nov.-2024_(Pattern-2023_(704_Query)_compressed.pdf,A/B,Q7,foreign exchange,false,medium,high,OCR extracted; review wording,
sem3_qp_0106,sem3,criminal_minor_acts,LDSE 0706,Criminal Minor Acts,06,15,Long Question,analytical,hard,"Explain the salient features of the Information Technology Act, 2000. Comment on the exemptions from liability of intermediary in certain cases related to cyber crime.",2024,Nov-2024,SPPU Nov 2024,,2023 Pattern,Criminal Minor Acts | 707_Criminal_Minor_Acts.pdf / Criminal Minor Acts | 707_Criminal_Minor_Acts_Q.P..pdf / Nov-2024 | 3rdsem_Nov.-2024_(Pattern-2023_(704_Query)_compressed.pdf,Criminal Minor Acts | 707_Criminal_Minor_Acts.pdf / Criminal Minor Acts | 707_Criminal_Minor_Acts_Q.P..pdf / Nov-2024 | 3rdsem_Nov.-2024_(Pattern-2023_(704_Query)_compressed.pdf,A/B/C,Q1,"IT Act, intermediary liability",false,medium,high,,
sem3_qp_0107,sem3,criminal_minor_acts,LDSE 0706,Criminal Minor Acts,05,15,Long Question,analytical,hard,What are the measures to control and prohibit the smuggling of Narcotic Drugs and Psychotropic Substances? What are the punishments under the Act?,2024,Nov-2024,SPPU Nov 2024,,2023 Pattern,Criminal Minor Acts | 707_Criminal_Minor_Acts.pdf / Criminal Minor Acts | 707_Criminal_Minor_Acts_Q.P..pdf / Nov-2024 | 3rdsem_Nov.-2024_(Pattern-2023_(704_Query)_compressed.pdf,Criminal Minor Acts | 707_Criminal_Minor_Acts.pdf / Criminal Minor Acts | 707_Criminal_Minor_Acts_Q.P..pdf / Nov-2024 | 3rdsem_Nov.-2024_(Pattern-2023_(704_Query)_compressed.pdf,A/B/C,Q2,"NDPS, smuggling, punishment",false,medium,high,,
sem3_qp_0108,sem3,criminal_minor_acts,LDSE 0706,Criminal Minor Acts,04,15,Long Question,analytical,hard,Explain the characteristics of organized crime. Discuss at length the punishments for organized crimes.,2024,Nov-2024,SPPU Nov 2024,,2023 Pattern,Criminal Minor Acts | 707_Criminal_Minor_Acts.pdf / Criminal Minor Acts | 707_Criminal_Minor_Acts_Q.P..pdf / Nov-2024 | 3rdsem_Nov.-2024_(Pattern-2023_(704_Query)_compressed.pdf,Criminal Minor Acts | 707_Criminal_Minor_Acts.pdf / Criminal Minor Acts | 707_Criminal_Minor_Acts_Q.P..pdf / Nov-2024 | 3rdsem_Nov.-2024_(Pattern-2023_(704_Query)_compressed.pdf,A/B/C,Q3,"organized crime, punishment",false,medium,high,,
sem3_qp_0109,sem3,criminal_minor_acts,LDSE 0706,Criminal Minor Acts,01,15,Long Question,analytical,hard,"Discuss the historical background, objects and scope of the Maharashtra Police Act, 1951. Elaborate on the regulation, control and discipline of police force.",2024,Nov-2024,SPPU Nov 2024,,2023 Pattern,Criminal Minor Acts | 707_Criminal_Minor_Acts.pdf / Criminal Minor Acts | 707_Criminal_Minor_Acts_Q.P..pdf / Nov-2024 | 3rdsem_Nov.-2024_(Pattern-2023_(704_Query)_compressed.pdf,Criminal Minor Acts | 707_Criminal_Minor_Acts.pdf / Criminal Minor Acts | 707_Criminal_Minor_Acts_Q.P..pdf / Nov-2024 | 3rdsem_Nov.-2024_(Pattern-2023_(704_Query)_compressed.pdf,A/B/C,Q4,Maharashtra Police Act,false,medium,high,,
sem3_qp_0110,sem3,criminal_minor_acts,LDSE 0706,Criminal Minor Acts,05,15,Long Question,analytical,hard,"Explain the object of Prevention of Corruption Act, 1988. Discuss the offences and punishments under the Act.",2024,Nov-2024,SPPU Nov 2024,,2023 Pattern,Criminal Minor Acts | 707_Criminal_Minor_Acts.pdf / Criminal Minor Acts | 707_Criminal_Minor_Acts_Q.P..pdf / Nov-2024 | 3rdsem_Nov.-2024_(Pattern-2023_(704_Query)_compressed.pdf,Criminal Minor Acts | 707_Criminal_Minor_Acts.pdf / Criminal Minor Acts | 707_Criminal_Minor_Acts_Q.P..pdf / Nov-2024 | 3rdsem_Nov.-2024_(Pattern-2023_(704_Query)_compressed.pdf,A/B/C,Q5,Prevention of Corruption Act,false,medium,high,,
sem3_qp_0111,sem3,criminal_minor_acts,LDSE 0706,Criminal Minor Acts,06,10,Long Question,analytical,medium,"Elaborate on the provisions relating to offences, punishment and procedure of investigation and trial under the Information Technology Act, 2000.",2024,Nov-2024,SPPU Nov 2024,,2023 Pattern,Criminal Minor Acts | 707_Criminal_Minor_Acts.pdf / Criminal Minor Acts | 707_Criminal_Minor_Acts_Q.P..pdf / Nov-2024 | 3rdsem_Nov.-2024_(Pattern-2023_(704_Query)_compressed.pdf,Criminal Minor Acts | 707_Criminal_Minor_Acts.pdf / Criminal Minor Acts | 707_Criminal_Minor_Acts_Q.P..pdf / Nov-2024 | 3rdsem_Nov.-2024_(Pattern-2023_(704_Query)_compressed.pdf,A/B/C,Q6,"IT Act, investigation",false,medium,high,,
sem3_qp_0112,sem3,criminal_minor_acts,LDSE 0706,Criminal Minor Acts,05,10,Long Question,analytical,medium,"Comment on the provisions regarding persons authorized to investigate cases and change in rules of evidence and criminal procedure under the Prevention of Corruption Act, 1988.",2024,Nov-2024,SPPU Nov 2024,,2023 Pattern,Criminal Minor Acts | 707_Criminal_Minor_Acts.pdf / Criminal Minor Acts | 707_Criminal_Minor_Acts_Q.P..pdf / Nov-2024 | 3rdsem_Nov.-2024_(Pattern-2023_(704_Query)_compressed.pdf,Criminal Minor Acts | 707_Criminal_Minor_Acts.pdf / Criminal Minor Acts | 707_Criminal_Minor_Acts_Q.P..pdf / Nov-2024 | 3rdsem_Nov.-2024_(Pattern-2023_(704_Query)_compressed.pdf,A/B/C,Q7,"investigation, corruption",false,medium,high,,
sem3_qp_0113,sem3,criminal_minor_acts,LDSE 0706,Criminal Minor Acts,01,10,Long Question,analytical,medium,"Discuss the executive powers and duties of police under the Maharashtra Police Act, 1951.",2024,Nov-2024,SPPU Nov 2024,,2023 Pattern,Criminal Minor Acts | 707_Criminal_Minor_Acts.pdf / Criminal Minor Acts | 707_Criminal_Minor_Acts_Q.P..pdf / Nov-2024 | 3rdsem_Nov.-2024_(Pattern-2023_(704_Query)_compressed.pdf,Criminal Minor Acts | 707_Criminal_Minor_Acts.pdf / Criminal Minor Acts | 707_Criminal_Minor_Acts_Q.P..pdf / Nov-2024 | 3rdsem_Nov.-2024_(Pattern-2023_(704_Query)_compressed.pdf,A/B/C,Q8,police powers,false,medium,high,,
sem3_qp_0114,sem3,criminal_minor_acts,LDSE 0706,Criminal Minor Acts,07,10,Long Question,analytical,medium,"Explain the provisions relating to Juvenile Justice Board and Child Welfare Committee under the Juvenile Justice Act, 2015.",2024,Nov-2024,SPPU Nov 2024,,2023 Pattern,Criminal Minor Acts | 707_Criminal_Minor_Acts.pdf / Criminal Minor Acts | 707_Criminal_Minor_Acts_Q.P..pdf / Nov-2024 | 3rdsem_Nov.-2024_(Pattern-2023_(704_Query)_compressed.pdf,Criminal Minor Acts | 707_Criminal_Minor_Acts.pdf / Criminal Minor Acts | 707_Criminal_Minor_Acts_Q.P..pdf / Nov-2024 | 3rdsem_Nov.-2024_(Pattern-2023_(704_Query)_compressed.pdf,A/B/C,Q9,"Juvenile Justice Board, Child Welfare Committee",false,medium,high,,
sem3_qp_0115,sem3,criminal_minor_acts,LDSE 0706,Criminal Minor Acts,07,5,Short Note,short_note,easy,Child in need of care and protection.,2024,Nov-2024,SPPU Nov 2024,,2023 Pattern,Criminal Minor Acts | 707_Criminal_Minor_Acts.pdf / Criminal Minor Acts | 707_Criminal_Minor_Acts_Q.P..pdf / Nov-2024 | 3rdsem_Nov.-2024_(Pattern-2023_(704_Query)_compressed.pdf,Criminal Minor Acts | 707_Criminal_Minor_Acts.pdf / Criminal Minor Acts | 707_Criminal_Minor_Acts_Q.P..pdf / Nov-2024 | 3rdsem_Nov.-2024_(Pattern-2023_(704_Query)_compressed.pdf,A/B/C,Q10,child care protection,false,medium,high,,
sem3_qp_0116,sem3,criminal_minor_acts,LDSE 0706,Criminal Minor Acts,04,5,Short Note,short_note,easy,Courts and public prosecutor under MCOCA.,2024,Nov-2024,SPPU Nov 2024,,2023 Pattern,Criminal Minor Acts | 707_Criminal_Minor_Acts.pdf / Criminal Minor Acts | 707_Criminal_Minor_Acts_Q.P..pdf / Nov-2024 | 3rdsem_Nov.-2024_(Pattern-2023_(704_Query)_compressed.pdf,Criminal Minor Acts | 707_Criminal_Minor_Acts.pdf / Criminal Minor Acts | 707_Criminal_Minor_Acts_Q.P..pdf / Nov-2024 | 3rdsem_Nov.-2024_(Pattern-2023_(704_Query)_compressed.pdf,A/B/C,Q11,MCOCA courts public prosecutor,false,medium,high,,
sem3_qp_0117,sem3,criminal_minor_acts,LDSE 0706,Criminal Minor Acts,05,5,Short Note,short_note,easy,Authorities and officers under NDPS Act.,2024,Nov-2024,SPPU Nov 2024,,2023 Pattern,Criminal Minor Acts | 707_Criminal_Minor_Acts.pdf / Criminal Minor Acts | 707_Criminal_Minor_Acts_Q.P..pdf / Nov-2024 | 3rdsem_Nov.-2024_(Pattern-2023_(704_Query)_compressed.pdf,Criminal Minor Acts | 707_Criminal_Minor_Acts.pdf / Criminal Minor Acts | 707_Criminal_Minor_Acts_Q.P..pdf / Nov-2024 | 3rdsem_Nov.-2024_(Pattern-2023_(704_Query)_compressed.pdf,A/B/C,Q12,NDPS authorities,false,medium,high,,
sem3_qp_0118,sem3,criminal_minor_acts,LDSE 0706,Criminal Minor Acts,01,5,Short Note,short_note,easy,Restrictions on the powers of police officer.,2024,Nov-2024,SPPU Nov 2024,,2023 Pattern,Criminal Minor Acts | 707_Criminal_Minor_Acts.pdf / Criminal Minor Acts | 707_Criminal_Minor_Acts_Q.P..pdf / Nov-2024 | 3rdsem_Nov.-2024_(Pattern-2023_(704_Query)_compressed.pdf,Criminal Minor Acts | 707_Criminal_Minor_Acts.pdf / Criminal Minor Acts | 707_Criminal_Minor_Acts_Q.P..pdf / Nov-2024 | 3rdsem_Nov.-2024_(Pattern-2023_(704_Query)_compressed.pdf,A/B/C,Q13,police restrictions,false,medium,high,,
sem3_qp_0119,sem3,criminal_minor_acts,LDSE 0706,Criminal Minor Acts,05,5,Short Note,short_note,easy,Punishments under the Prevention of Corruption Act.,2024,Nov-2024,SPPU Nov 2024,,2023 Pattern,Criminal Minor Acts | 707_Criminal_Minor_Acts.pdf / Criminal Minor Acts | 707_Criminal_Minor_Acts_Q.P..pdf / Nov-2024 | 3rdsem_Nov.-2024_(Pattern-2023_(704_Query)_compressed.pdf,Criminal Minor Acts | 707_Criminal_Minor_Acts.pdf / Criminal Minor Acts | 707_Criminal_Minor_Acts_Q.P..pdf / Nov-2024 | 3rdsem_Nov.-2024_(Pattern-2023_(704_Query)_compressed.pdf,A/B/C,Q14,corruption punishment,false,medium,high,,
sem3_qp_0120,sem3,criminal_minor_acts,LDSE 0706,Criminal Minor Acts,01,15,Long Question,analytical,hard,"Write in detail the special measures for the maintenance of public order and safety of the state under the Maharashtra Police Act, 1951.",2024,Nov-2024,SPPU Nov 2024,,2023 Pattern,Criminal Minor Acts | 707_Criminal_Minor_Acts.pdf / Criminal Minor Acts | 707_Criminal_Minor_Acts_Q.P..pdf / Nov-2024 | 3rdsem_Nov.-2024_(Pattern-2023_(704_Query)_compressed.pdf,Criminal Minor Acts | 707_Criminal_Minor_Acts.pdf / Criminal Minor Acts | 707_Criminal_Minor_Acts_Q.P..pdf / Nov-2024 | 3rdsem_Nov.-2024_(Pattern-2023_(704_Query)_compressed.pdf,A/B/C,Q15,public order safety,false,medium,medium,,
sem3_qp_0121,sem3,criminal_minor_acts,LDSE 0706,Criminal Minor Acts,07,15,Long Question,analytical,hard,"Discuss the powers, functions and procedure to be followed by the Data Protection Board under the Digital Personal Data Protection Act, 2023.",2024,Nov-2024,SPPU Nov 2024,,2023 Pattern,Criminal Minor Acts | 707_Criminal_Minor_Acts.pdf / Criminal Minor Acts | 707_Criminal_Minor_Acts_Q.P..pdf / Nov-2024 | 3rdsem_Nov.-2024_(Pattern-2023_(704_Query)_compressed.pdf,Criminal Minor Acts | 707_Criminal_Minor_Acts.pdf / Criminal Minor Acts | 707_Criminal_Minor_Acts_Q.P..pdf / Nov-2024 | 3rdsem_Nov.-2024_(Pattern-2023_(704_Query)_compressed.pdf,A/B/C,Q16,"DPDP Act, Data Protection Board",false,medium,medium,,
sem3_qp_0122,sem3,criminal_minor_acts,LDSE 0706,Criminal Minor Acts,03,15,Long Question,analytical,hard,Discuss the offences and penalties under the Unlawful Activities (Prevention) Act.,2024,Nov-2024,SPPU Nov 2024,,2023 Pattern,Criminal Minor Acts | 707_Criminal_Minor_Acts.pdf / Criminal Minor Acts | 707_Criminal_Minor_Acts_Q.P..pdf / Nov-2024 | 3rdsem_Nov.-2024_(Pattern-2023_(704_Query)_compressed.pdf,Criminal Minor Acts | 707_Criminal_Minor_Acts.pdf / Criminal Minor Acts | 707_Criminal_Minor_Acts_Q.P..pdf / Nov-2024 | 3rdsem_Nov.-2024_(Pattern-2023_(704_Query)_compressed.pdf,A/B/C,Q17,UAPA offences penalties,false,medium,medium,,
sem3_qp_0123,sem3,criminal_minor_acts,LDSE 0706,Criminal Minor Acts,02,10,Long Question,analytical,medium,"Discuss the provisions relating to acquisition and possession of arms and ammunition under the Arms Act, 1959.",2024,Nov-2024,SPPU Nov 2024,,2023 Pattern,Criminal Minor Acts | 707_Criminal_Minor_Acts.pdf / Criminal Minor Acts | 707_Criminal_Minor_Acts_Q.P..pdf / Nov-2024 | 3rdsem_Nov.-2024_(Pattern-2023_(704_Query)_compressed.pdf,Criminal Minor Acts | 707_Criminal_Minor_Acts.pdf / Criminal Minor Acts | 707_Criminal_Minor_Acts_Q.P..pdf / Nov-2024 | 3rdsem_Nov.-2024_(Pattern-2023_(704_Query)_compressed.pdf,A/B/C,Q18,Arms Act,false,medium,medium,,
sem3_qp_0124,sem3,cooperative_law,LDSE 0707,Cooperative Law,03,15,Long Question,analytical,hard,"Enumerate the procedure for admission, continuation, cessation and removal of membership in a co-operative society.",2025,Apr-2025,SPPU Apr 2025,,2023 Pattern,Apr-2025 | 2nd_LLB_(3rd_Sem)_2023_Apri_2025 (1).pdf,Apr-2025 | 2nd_LLB_(3rd_Sem)_2023_Apri_2025 (1).pdf,A/B,Q1,membership,false,medium,high,OCR extracted; review wording,
sem3_qp_0125,sem3,cooperative_law,LDSE 0707,Cooperative Law,04,15,Long Question,analytical,hard,"Discuss the rights, duties, liabilities of and restrictions on a society under the Maharashtra Co-operative Societies Act, 1960.",2025,Apr-2025,SPPU Apr 2025,,2023 Pattern,Apr-2025 | 2nd_LLB_(3rd_Sem)_2023_Apri_2025 (1).pdf,Apr-2025 | 2nd_LLB_(3rd_Sem)_2023_Apri_2025 (1).pdf,A/B,Q2,"rights, duties, liabilities",false,medium,high,OCR extracted; review wording,
sem3_qp_0126,sem3,cooperative_law,LDSE 0707,Cooperative Law,01,15,Long Question,analytical,hard,Discuss the fundamental principles and characteristics of a co-operative society.,2025,Apr-2025,SPPU Apr 2025,,2023 Pattern,Apr-2025 | 2nd_LLB_(3rd_Sem)_2023_Apri_2025 (1).pdf,Apr-2025 | 2nd_LLB_(3rd_Sem)_2023_Apri_2025 (1).pdf,A/B,Q3,"principles, characteristics",false,medium,high,OCR extracted; review wording,
sem3_qp_0127,sem3,cooperative_law,LDSE 0707,Cooperative Law,06,15,Long Question,analytical,hard,What do you mean by reserve fund? Explain provisions relating to utilization of funds of co-operative society and restrictions on utilization of funds.,2025,Apr-2025,SPPU Apr 2025,,2023 Pattern,Apr-2025 | 2nd_LLB_(3rd_Sem)_2023_Apri_2025 (1).pdf,Apr-2025 | 2nd_LLB_(3rd_Sem)_2023_Apri_2025 (1).pdf,A/B,Q4,"reserve fund, utilization of funds",false,medium,high,OCR extracted; review wording,
sem3_qp_0128,sem3,cooperative_law,LDSE 0707,Cooperative Law,01,10,Long Question,analytical,medium,Analyze the role and functions of different kinds of co-operative societies.,2025,Apr-2025,SPPU Apr 2025,,2023 Pattern,Apr-2025 | 2nd_LLB_(3rd_Sem)_2023_Apri_2025 (1).pdf,Apr-2025 | 2nd_LLB_(3rd_Sem)_2023_Apri_2025 (1).pdf,A/B,Q5,types of cooperative societies,false,medium,high,OCR extracted; review wording,
sem3_qp_0129,sem3,cooperative_law,LDSE 0707,Cooperative Law,03,10,Long Question,analytical,medium,Discuss the important features of model bye-laws.,2025,Apr-2025,SPPU Apr 2025,,2023 Pattern,Apr-2025 | 2nd_LLB_(3rd_Sem)_2023_Apri_2025 (1).pdf,Apr-2025 | 2nd_LLB_(3rd_Sem)_2023_Apri_2025 (1).pdf,A/B,Q6,model bye-laws,false,medium,high,OCR extracted; review wording,
sem3_qp_0130,sem3,cooperative_law,LDSE 0707,Cooperative Law,03,10,Long Question,analytical,medium,Write a note on election of the Managing Committee.,2025,Apr-2025,SPPU Apr 2025,,2023 Pattern,Apr-2025 | 2nd_LLB_(3rd_Sem)_2023_Apri_2025 (1).pdf,Apr-2025 | 2nd_LLB_(3rd_Sem)_2023_Apri_2025 (1).pdf,A/B,Q7,Managing Committee election,false,medium,high,OCR extracted; review wording,
sem3_qp_0131,sem3,cooperative_law,LDSE 0707,Cooperative Law,05,10,Long Question,analytical,medium,Explain provisions relating to appointment of and powers of liquidator.,2025,Apr-2025,SPPU Apr 2025,,2023 Pattern,Apr-2025 | 2nd_LLB_(3rd_Sem)_2023_Apri_2025 (1).pdf,Apr-2025 | 2nd_LLB_(3rd_Sem)_2023_Apri_2025 (1).pdf,A/B,Q8,liquidator,false,medium,high,OCR extracted; review wording,
sem3_qp_0132,sem3,cooperative_law,LDSE 0707,Cooperative Law,02,10,Long Question,analytical,medium,Trace the historical development of co-operative movement in India.,2025,Apr-2025,SPPU Apr 2025,,2023 Pattern,Apr-2025 | 2nd_LLB_(3rd_Sem)_2023_Apri_2025 (1).pdf,Apr-2025 | 2nd_LLB_(3rd_Sem)_2023_Apri_2025 (1).pdf,A/B,Q9,cooperative movement history,false,medium,high,OCR extracted; review wording,
sem3_qp_0133,sem3,private_international_law,LDSE 0708,Private International Law,01,15,Long Question,analytical,hard,Discuss the nature and definition of Private International Law. Elaborate the historical development of Private International Law in India.,2023/unconfirmed,Nov-2023 / older LLB 2017 pattern,Older Private International Law paper dump,,2017 Pattern,Private International Law | 709_Private_International_Law_Q.P..pdf / Private International Law | 303_Private_International_Law.pdf,Private International Law | 709_Private_International_Law_Q.P..pdf / Private International Law | 303_Private_International_Law.pdf,A/B/C,Q1,"definition, history",false,medium,needs_review,303 source appears to be LLM/2014 pattern in some pages; keep for review,Mixed older paper source; exact exam session needs visual confirmation.
sem3_qp_0134,sem3,private_international_law,LDSE 0708,Private International Law,01,15,Long Question,analytical,hard,What are the theories and sources of Private International Law?,2023/unconfirmed,Nov-2023 / older LLB 2017 pattern,Older Private International Law paper dump,,2017 Pattern,Private International Law | 709_Private_International_Law_Q.P..pdf / Private International Law | 303_Private_International_Law.pdf,Private International Law | 709_Private_International_Law_Q.P..pdf / Private International Law | 303_Private_International_Law.pdf,A/B/C,Q2,"theories, sources",false,medium,needs_review,303 source appears to be LLM/2014 pattern in some pages; keep for review,Mixed older paper source; exact exam session needs visual confirmation.
sem3_qp_0135,sem3,private_international_law,LDSE 0708,Private International Law,01,15,Long Question,analytical,hard,Explain the relation between Private International Law and Public International Law.,2023/unconfirmed,Nov-2023 / older LLB 2017 pattern,Older Private International Law paper dump,,2017 Pattern,Private International Law | 709_Private_International_Law_Q.P..pdf / Private International Law | 303_Private_International_Law.pdf,Private International Law | 709_Private_International_Law_Q.P..pdf / Private International Law | 303_Private_International_Law.pdf,A/B/C,Q3,public international law,false,medium,needs_review,303 source appears to be LLM/2014 pattern in some pages; keep for review,Mixed older paper source; exact exam session needs visual confirmation.
sem3_qp_0136,sem3,private_international_law,LDSE 0708,Private International Law,02,15,Long Question,analytical,hard,Elaborate the concept and theories of characterization.,2023/unconfirmed,Nov-2023 / older LLB 2017 pattern,Older Private International Law paper dump,,2017 Pattern,Private International Law | 709_Private_International_Law_Q.P..pdf / Private International Law | 303_Private_International_Law.pdf,Private International Law | 709_Private_International_Law_Q.P..pdf / Private International Law | 303_Private_International_Law.pdf,A/B/C,Q4,characterization,false,medium,needs_review,303 source appears to be LLM/2014 pattern in some pages; keep for review,Mixed older paper source; exact exam session needs visual confirmation.
sem3_qp_0137,sem3,private_international_law,LDSE 0708,Private International Law,03,15,Long Question,analytical,hard,Domicile is a connecting factor in application of Private International Law. Discuss critically.,2023/unconfirmed,Nov-2023 / older LLB 2017 pattern,Older Private International Law paper dump,,2017 Pattern,Private International Law | 709_Private_International_Law_Q.P..pdf / Private International Law | 303_Private_International_Law.pdf,Private International Law | 709_Private_International_Law_Q.P..pdf / Private International Law | 303_Private_International_Law.pdf,A/B/C,Q5,domicile,false,medium,needs_review,303 source appears to be LLM/2014 pattern in some pages; keep for review,Mixed older paper source; exact exam session needs visual confirmation.
sem3_qp_0138,sem3,private_international_law,LDSE 0708,Private International Law,02,15,Long Question,analytical,hard,What is the significance of process and stages of characterization under Private International Law?,2023/unconfirmed,Nov-2023 / older LLB 2017 pattern,Older Private International Law paper dump,,2017 Pattern,Private International Law | 709_Private_International_Law_Q.P..pdf / Private International Law | 303_Private_International_Law.pdf,Private International Law | 709_Private_International_Law_Q.P..pdf / Private International Law | 303_Private_International_Law.pdf,A/B/C,Q6,characterization process,false,medium,needs_review,303 source appears to be LLM/2014 pattern in some pages; keep for review,Mixed older paper source; exact exam session needs visual confirmation.
sem3_qp_0139,sem3,private_international_law,LDSE 0708,Private International Law,02,15,Long Question,analytical,hard,Explain the doctrine of Renvoi with special reference to different theories of Renvoi.,2023/unconfirmed,Nov-2023 / older LLB 2017 pattern,Older Private International Law paper dump,,2017 Pattern,Private International Law | 709_Private_International_Law_Q.P..pdf / Private International Law | 303_Private_International_Law.pdf,Private International Law | 709_Private_International_Law_Q.P..pdf / Private International Law | 303_Private_International_Law.pdf,A/B/C,Q7,renvoi,false,medium,needs_review,303 source appears to be LLM/2014 pattern in some pages; keep for review,Mixed older paper source; exact exam session needs visual confirmation.
sem3_qp_0140,sem3,private_international_law,LDSE 0708,Private International Law,07,15,Long Question,analytical,hard,Elaborate in detail on lex situs and rules relating to law of property.,2023/unconfirmed,Nov-2023 / older LLB 2017 pattern,Older Private International Law paper dump,,2017 Pattern,Private International Law | 709_Private_International_Law_Q.P..pdf / Private International Law | 303_Private_International_Law.pdf,Private International Law | 709_Private_International_Law_Q.P..pdf / Private International Law | 303_Private_International_Law.pdf,A/B/C,Q8,"lex situs, property",false,medium,needs_review,303 source appears to be LLM/2014 pattern in some pages; keep for review,Mixed older paper source; exact exam session needs visual confirmation.
sem3_qp_0141,sem3,private_international_law,LDSE 0708,Private International Law,08,10,Long Question,analytical,medium,What defences are available for non-contractual obligations under Private International Law?,2023/unconfirmed,Nov-2023 / older LLB 2017 pattern,Older Private International Law paper dump,,2017 Pattern,Private International Law | 709_Private_International_Law_Q.P..pdf / Private International Law | 303_Private_International_Law.pdf,Private International Law | 709_Private_International_Law_Q.P..pdf / Private International Law | 303_Private_International_Law.pdf,A/B/C,Q9,non-contractual obligations,false,medium,needs_review,303 source appears to be LLM/2014 pattern in some pages; keep for review,Mixed older paper source; exact exam session needs visual confirmation.
sem3_qp_0142,sem3,private_international_law,LDSE 0708,Private International Law,04,10,Long Question,analytical,medium,Explain comparatively the law relating to validity of marriage under Indian and English legal systems.,2023/unconfirmed,Nov-2023 / older LLB 2017 pattern,Older Private International Law paper dump,,2017 Pattern,Private International Law | 709_Private_International_Law_Q.P..pdf / Private International Law | 303_Private_International_Law.pdf,Private International Law | 709_Private_International_Law_Q.P..pdf / Private International Law | 303_Private_International_Law.pdf,A/B/C,Q10,marriage validity,false,medium,needs_review,303 source appears to be LLM/2014 pattern in some pages; keep for review,Mixed older paper source; exact exam session needs visual confirmation.
sem3_qp_0143,sem3,private_international_law,LDSE 0708,Private International Law,05,10,Long Question,analytical,medium,What is the law relating to adoption under Indian and English legal systems?,2023/unconfirmed,Nov-2023 / older LLB 2017 pattern,Older Private International Law paper dump,,2017 Pattern,Private International Law | 709_Private_International_Law_Q.P..pdf / Private International Law | 303_Private_International_Law.pdf,Private International Law | 709_Private_International_Law_Q.P..pdf / Private International Law | 303_Private_International_Law.pdf,A/B/C,Q11,adoption,false,medium,needs_review,303 source appears to be LLM/2014 pattern in some pages; keep for review,Mixed older paper source; exact exam session needs visual confirmation.
sem3_qp_0144,sem3,private_international_law,LDSE 0708,Private International Law,06,10,Long Question,analytical,medium,Discuss in detail the different theories relating to recognition and enforcement of foreign judgments.,2023/unconfirmed,Nov-2023 / older LLB 2017 pattern,Older Private International Law paper dump,,2017 Pattern,Private International Law | 709_Private_International_Law_Q.P..pdf / Private International Law | 303_Private_International_Law.pdf,Private International Law | 709_Private_International_Law_Q.P..pdf / Private International Law | 303_Private_International_Law.pdf,A/B/C,Q12,foreign judgments,false,medium,needs_review,303 source appears to be LLM/2014 pattern in some pages; keep for review,Mixed older paper source; exact exam session needs visual confirmation.
sem3_qp_0145,sem3,private_international_law,LDSE 0708,Private International Law,07,5,Short Note,short_note,easy,Incorporeal movable property.,2023/unconfirmed,Nov-2023 / older LLB 2017 pattern,Older Private International Law paper dump,,2017 Pattern,Private International Law | 709_Private_International_Law_Q.P..pdf / Private International Law | 303_Private_International_Law.pdf,Private International Law | 709_Private_International_Law_Q.P..pdf / Private International Law | 303_Private_International_Law.pdf,A/B/C,Q13,incorporeal movable,false,medium,needs_review,303 source appears to be LLM/2014 pattern in some pages; keep for review,Mixed older paper source; exact exam session needs visual confirmation.
sem3_qp_0146,sem3,private_international_law,LDSE 0708,Private International Law,03,5,Short Note,short_note,easy,Married women and domicile.,2023/unconfirmed,Nov-2023 / older LLB 2017 pattern,Older Private International Law paper dump,,2017 Pattern,Private International Law | 709_Private_International_Law_Q.P..pdf / Private International Law | 303_Private_International_Law.pdf,Private International Law | 709_Private_International_Law_Q.P..pdf / Private International Law | 303_Private_International_Law.pdf,A/B/C,Q14,domicile,false,medium,needs_review,303 source appears to be LLM/2014 pattern in some pages; keep for review,Mixed older paper source; exact exam session needs visual confirmation.
sem3_qp_0147,sem3,private_international_law,LDSE 0708,Private International Law,01,5,Short Note,short_note,easy,Importance of doctrine of lex fori.,2023/unconfirmed,Nov-2023 / older LLB 2017 pattern,Older Private International Law paper dump,,2017 Pattern,Private International Law | 709_Private_International_Law_Q.P..pdf / Private International Law | 303_Private_International_Law.pdf,Private International Law | 709_Private_International_Law_Q.P..pdf / Private International Law | 303_Private_International_Law.pdf,A/B/C,Q15,lex fori,false,medium,needs_review,303 source appears to be LLM/2014 pattern in some pages; keep for review,Mixed older paper source; exact exam session needs visual confirmation.
sem3_qp_0148,sem3,private_international_law,LDSE 0708,Private International Law,01,12,Long Question,analytical,easy,Define Private International Law and explain the significance of Private International Law.,unconfirmed,Older LLM paper dump,LL.M. older Private International Law paper,,2014 Pattern,Private International Law | 709_Private_International_Law_Q.P..pdf / Private International Law | 303_Private_International_Law.pdf,Private International Law | 709_Private_International_Law_Q.P..pdf / Private International Law | 303_Private_International_Law.pdf,A/B/C,Q16,"definition, significance",false,medium,needs_review,303 source appears to be LLM/2014 pattern in some pages; keep for review,LL.M. paper source; confirm whether to keep for LLB Sem-3.
sem3_qp_0149,sem3,private_international_law,LDSE 0708,Private International Law,03,12,Long Question,analytical,easy,"Explain the concept of domicile, nationality and residence under Private International Law.",unconfirmed,Older LLM paper dump,LL.M. older Private International Law paper,,2014 Pattern,Private International Law | 709_Private_International_Law_Q.P..pdf / Private International Law | 303_Private_International_Law.pdf,Private International Law | 709_Private_International_Law_Q.P..pdf / Private International Law | 303_Private_International_Law.pdf,A/B/C,Q17,"domicile, nationality, residence",false,medium,needs_review,303 source appears to be LLM/2014 pattern in some pages; keep for review,LL.M. paper source; confirm whether to keep for LLB Sem-3.
sem3_qp_0150,sem3,private_international_law,LDSE 0708,Private International Law,06,12,Long Question,analytical,easy,Discuss the traditional rule for recognition and enforcement of foreign judgments.,unconfirmed,Older LLM paper dump,LL.M. older Private International Law paper,,2014 Pattern,Private International Law | 709_Private_International_Law_Q.P..pdf / Private International Law | 303_Private_International_Law.pdf,Private International Law | 709_Private_International_Law_Q.P..pdf / Private International Law | 303_Private_International_Law.pdf,A/B/C,Q18,foreign judgments,false,medium,needs_review,303 source appears to be LLM/2014 pattern in some pages; keep for review,LL.M. paper source; confirm whether to keep for LLB Sem-3.
sem3_qp_0151,sem3,private_international_law,LDSE 0708,Private International Law,02,12,Long Question,analytical,easy,Write a detailed note on the doctrine of Renvoi with apt illustrations and suitable case laws.,unconfirmed,Older LLM paper dump,LL.M. older Private International Law paper,,2014 Pattern,Private International Law | 709_Private_International_Law_Q.P..pdf / Private International Law | 303_Private_International_Law.pdf,Private International Law | 709_Private_International_Law_Q.P..pdf / Private International Law | 303_Private_International_Law.pdf,A/B/C,Q19,renvoi,false,medium,needs_review,303 source appears to be LLM/2014 pattern in some pages; keep for review,LL.M. paper source; confirm whether to keep for LLB Sem-3.
sem3_qp_0152,sem3,private_international_law,LDSE 0708,Private International Law,08,12,Long Question,analytical,easy,Discuss in detail the law of obligations with respect to contracts under Rome Convention.,unconfirmed,Older LLM paper dump,LL.M. older Private International Law paper,,2014 Pattern,Private International Law | 709_Private_International_Law_Q.P..pdf / Private International Law | 303_Private_International_Law.pdf,Private International Law | 709_Private_International_Law_Q.P..pdf / Private International Law | 303_Private_International_Law.pdf,A/B/C,Q20,"Rome Convention, contracts",false,medium,needs_review,303 source appears to be LLM/2014 pattern in some pages; keep for review,LL.M. paper source; confirm whether to keep for LLB Sem-3.
sem3_qp_0153,sem3,private_international_law,LDSE 0708,Private International Law,06,7,Long Question,short_note,easy,"Enforcement of awards under the Foreign Awards (Recognition and Enforcement) Act, 1961.",2023,Nov-2023,LL.M. Nov 2023 source paper,P-5720 / [6103]-312,2014 Pattern,Private International Law | 709_Private_International_Law_Q.P..pdf / Private International Law | 303_Private_International_Law.pdf,Private International Law | 709_Private_International_Law_Q.P..pdf / Private International Law | 303_Private_International_Law.pdf,A/B/C,Q21,foreign awards,false,medium,medium,303 source appears to be LLM/2014 pattern in some pages; keep for review,LL.M. paper source; retained only because subject overlap exists. Confirm whether to keep for LLB Sem-3.
sem3_qp_0154,sem3,private_international_law,LDSE 0708,Private International Law,02,7,Long Question,short_note,easy,Incidental questions.,2023,Nov-2023,LL.M. Nov 2023 source paper,P-5720 / [6103]-312,2014 Pattern,Private International Law | 709_Private_International_Law_Q.P..pdf / Private International Law | 303_Private_International_Law.pdf,Private International Law | 709_Private_International_Law_Q.P..pdf / Private International Law | 303_Private_International_Law.pdf,A/B/C,Q22,incidental questions,false,medium,medium,303 source appears to be LLM/2014 pattern in some pages; keep for review,LL.M. paper source; retained only because subject overlap exists. Confirm whether to keep for LLB Sem-3.
sem3_qp_0155,sem3,private_international_law,LDSE 0708,Private International Law,06,7,Long Question,short_note,easy,Enforcement of foreign judgment.,2023,Nov-2023,LL.M. Nov 2023 source paper,P-5720 / [6103]-312,2014 Pattern,Private International Law | 709_Private_International_Law_Q.P..pdf / Private International Law | 303_Private_International_Law.pdf,Private International Law | 709_Private_International_Law_Q.P..pdf / Private International Law | 303_Private_International_Law.pdf,A/B/C,Q23,foreign judgment,false,medium,medium,303 source appears to be LLM/2014 pattern in some pages; keep for review,LL.M. paper source; retained only because subject overlap exists. Confirm whether to keep for LLB Sem-3.
sem3_qp_0156,sem3,private_international_law,LDSE 0708,Private International Law,08,7,Long Question,short_note,easy,Contracts under Rome Convention.,2023,Nov-2023,LL.M. Nov 2023 source paper,P-5720 / [6103]-312,2014 Pattern,Private International Law | 709_Private_International_Law_Q.P..pdf / Private International Law | 303_Private_International_Law.pdf,Private International Law | 709_Private_International_Law_Q.P..pdf / Private International Law | 303_Private_International_Law.pdf,A/B/C,Q24,Rome Convention,false,medium,medium,303 source appears to be LLM/2014 pattern in some pages; keep for review,LL.M. paper source; retained only because subject overlap exists. Confirm whether to keep for LLB Sem-3.
